Workbook

Sheet Hoja1
A1: COD | B1: NOMBRE | C1: OFICINA | D1: Actual | E1: OBSERVACIÓN | F1: TIPO | G1: SUPERVISOR RESPONSABLE | H1: NIVEL DE RIESGO INUNDACION | I1: SENSIBILIDAD A CORTES ELECTRICOS | J1: Ciudad | K1: Provincia | L1: Alimentador | M1: Reserva Glns | N1: Autonomia Max horas | O1: ID | P1: Nivel | Q1: PUNTO DE ATENCIÓN | R1: Riesgo Oleaje | S1: UNICOS | T1: Name | U1: Concatenado | V1: Ubicación | W1: Latitud | X1: Longitud | Y1: Ponderacion Inundaciones | Z1: Inundaciones | AA1: Cortes
A2: 353 | B2: ATM - OF. 12 OCTUBRE | C2: 12 DE OCTUBRE | D2: NO | E2: ABIERTO | F2: OFICINA | G2: Fernando Peralta | H2: Bajo / Seguro | I2: Media (Cortes esporádicos) | J2: =+VLOOKUP(A2,[1]Buscador!$B:$E,4,0) -> Quito | K2: =+VLOOKUP(A2,[1]Buscador!$B:$F,5,0) -> Pichincha | L2: Generador | O2: Bajo / SeguroMedia (Cortes esporádicos) | P2: N3 Moderado | Q2: 12 DE OCTUBRE | R2: NO | S2: 12 DE OCTUBRE | T2: 353-ATM - OF. 12 OCTUBRE | U2: (353-ATM - OF. 12 OCTUBRE) + (A0082-12 DE OCTUBRE) | V2: -0.206033, -78.487366 | W2: -0.206033 | X2: -78.487366 | Y2: 0 | Z2: =+VLOOKUP(I2,Evalua!$G$2:$H$12,2,0) -> 2 | AA2: =+VLOOKUP(I2,Evalua!$G$2:$H$12,2,0) -> 2
A3: A0082 | B3: 12 DE OCTUBRE | C3: 12 DE OCTUBRE | D3: NO | E3: ABIERTO | F3: AGENCIA | G3: Fernando Peralta | H3: Bajo / Seguro | I3: Media (Cortes esporádicos) | J3: =+VLOOKUP(A3,[1]Buscador!$B:$E,4,0) -> Quito | K3: =+VLOOKUP(A3,[1]Buscador!$B:$F,5,0) -> Pichincha | L3: Generador | O3: Bajo / SeguroMedia (Cortes esporádicos) | P3: N3 Moderado | Q3: 12 DE OCTUBRE | R3: NO | S3: 9 DE OCTUBRE | T3: A0082-12 DE OCTUBRE | U3: (61-ATM - OF. 9 DE OCTUBRE) + (A0001-9 DE OCTUBRE) | V3: -0.206033, -78.487366 | W3: -0.206033 | X3: -78.487366 | Y3: 0 | Z3: =+VLOOKUP(H3,Evalua!$G$2:$H$12,2,0) -> 1 | AA3: =+VLOOKUP(I3,Evalua!$G$2:$H$12,2,0) -> 2
A4: 61 | B4: ATM - OF. 9 DE OCTUBRE | C4: 9 DE OCTUBRE | D4: NO | E4: ABIERTO | F4: OFICINA | G4: Gerardo Pulgarín | H4: Bajo / Seguro | I4: Media (Cortes esporádicos) | J4: =+VLOOKUP(A4,[1]Buscador!$B:$E,4,0) -> Guayaquil | K4: =+VLOOKUP(A4,[1]Buscador!$B:$F,5,0) -> Guayas | L4: Generador | O4: Bajo / SeguroMedia (Cortes esporádicos) | P4: N3 Moderado | Q4: 9 DE OCTUBRE | R4: NO | S4: AEROPUERTO ADUANAS | T4: 61-ATM - OF. 9 DE OCTUBRE | U4: (291-ATM - ADUANAS - AEROPUERTO OF.) + (A0049-AEROPUERTO ADUANAS) | V4: -2.187578912005, -79.895072277516 | W4: -2.1875789 | X4: -79.895072 | Y4: 0 | Z4: =+VLOOKUP(H4,Evalua!$G$2:$H$12,2,0) -> 1 | AA4: =+VLOOKUP(I4,Evalua!$G$2:$H$12,2,0) -> 2
A5: A0001 | B5: 9 DE OCTUBRE | C5: 9 DE OCTUBRE | D5: NO | E5: ABIERTO | F5: AGENCIA | G5: Gerardo Pulgarín | H5: Bajo / Seguro | I5: Media (Cortes esporádicos) | J5: =+VLOOKUP(A5,[1]Buscador!$B:$E,4,0) -> Guayaquil | K5: =+VLOOKUP(A5,[1]Buscador!$B:$F,5,0) -> Guayas | L5: Generador | M5: 50 | N5: 17 | O5: Bajo / SeguroMedia (Cortes esporádicos) | P5: N3 Moderado | Q5: 9 DE OCTUBRE | R5: NO | S5: AEROPUERTO J.J. DE OLMEDO | T5: A0001-9 DE OCTUBRE | U5: (145-ATM - AEROPUERTO GYE. 2 OF.) + (A0050-AEROPUERTO J.J. DE OLMEDO) | V5: -2.187578912005, -79.895072277516 | W5: -2.1875789 | X5: -79.895072 | Y5: 0 | Z5: =+VLOOKUP(H5,Evalua!$G$2:$H$12,2,0) -> 1 | AA5: =+VLOOKUP(I5,Evalua!$G$2:$H$12,2,0) -> 2
A6: 291 | B6: ATM - ADUANAS - AEROPUERTO OF. | C6: TERMINAL TERRESTRE | D6: NO | E6: ABIERTO | F6: OFICINA | G6: Gerardo Pulgarín | H6: Bajo / Seguro | I6: Media (Cortes esporádicos) | J6: =+VLOOKUP(A6,[1]Buscador!$B:$E,4,0) -> Guayaquil | K6: =+VLOOKUP(A6,[1]Buscador!$B:$F,5,0) -> Guayas | L6: Generador | O6: Bajo / SeguroMedia (Cortes esporádicos) | P6: N3 Moderado | Q6: AEROPUERTO ADUANAS | R6: NO | S6: ALBORADA NORTE | T6: 291-ATM - ADUANAS - AEROPUERTO OF. | U6: (165-ATM - OF. ALBORADA NORTE 1) + (166-ATM - OF. ALBORADA NORTE 2) + (A0003-ALBORADA NORTE) | V6: -2.15271811535, -79.885611603149 | W6: -2.1527181 | X6: -79.885612 | Y6: 0 | Z6: =+VLOOKUP(H6,Evalua!$G$2:$H$12,2,0) -> 1 | AA6: =+VLOOKUP(I6,Evalua!$G$2:$H$12,2,0) -> 2
A7: A0049 | B7: AEROPUERTO ADUANAS | C7: AEROPUERTO ADUANAS | D7: NO | E7: ABIERTO | F7: VENTANILLA DE EXTENSION | G7: Gerardo Pulgarín | H7: Bajo / Seguro | I7: Media (Cortes esporádicos) | J7: =+VLOOKUP(A7,[1]Buscador!$B:$E,4,0) -> Guayaquil | K7: =+VLOOKUP(A7,[1]Buscador!$B:$F,5,0) -> Guayas | L7: Generador | O7: Bajo / SeguroMedia (Cortes esporádicos) | P7: N3 Moderado | Q7: AEROPUERTO ADUANAS | R7: NO | S7: ATM - OF. ALBORADA AUTOCAJERO | T7: A0049-AEROPUERTO ADUANAS | U7: (4-ATM - OF. ALBORADA AUTOCAJERO) | V7: -2.15271811535, -79.885611603149 | W7: -2.1527181 | X7: -79.885612 | Y7: 0 | Z7: =+VLOOKUP(H7,Evalua!$G$2:$H$12,2,0) -> 1 | AA7: =+VLOOKUP(I7,Evalua!$G$2:$H$12,2,0) -> 2
A8: 145 | B8: ATM - AEROPUERTO GYE. 2 OF. | C8: TERMINAL TERRESTRE | D8: NO | E8: ABIERTO | F8: OFICINA | G8: Gerardo Pulgarín | H8: Bajo / Seguro | I8: Media (Cortes esporádicos) | J8: =+VLOOKUP(A8,[1]Buscador!$B:$E,4,0) -> Guayaquil | K8: =+VLOOKUP(A8,[1]Buscador!$B:$F,5,0) -> Guayas | L8: Generador | O8: Bajo / SeguroMedia (Cortes esporádicos) | P8: N3 Moderado | Q8: AEROPUERTO J.J. DE OLMEDO | R8: NO | S8: ALBORADA ORELLANA | T8: 145-ATM - AEROPUERTO GYE. 2 OF. | U8: (51-ATM - OF. ALBORADA PEATONAL) + (470-ATM - OF. ALBORADA RECICLADOR) + (A0002-ALBORADA) | V8: -2.1479507455355, -79.884499354492 | W8: -2.1479507 | X8: -79.884499 | Y8: 0 | Z8: =+VLOOKUP(H8,Evalua!$G$2:$H$12,2,0) -> 1 | AA8: =+VLOOKUP(I8,Evalua!$G$2:$H$12,2,0) -> 2
A9: A0050 | B9: AEROPUERTO J.J. DE OLMEDO | C9: AEROPUERTO J.J. DE OLMEDO | D9: NO | E9: ABIERTO | F9: VENTANILLA DE EXTENSION | G9: Gerardo Pulgarín | H9: Bajo / Seguro | I9: Media (Cortes esporádicos) | J9: =+VLOOKUP(A9,[1]Buscador!$B:$E,4,0) -> Guayaquil | K9: =+VLOOKUP(A9,[1]Buscador!$B:$F,5,0) -> Guayas | L9: Generador | O9: Bajo / SeguroMedia (Cortes esporádicos) | P9: N3 Moderado | Q9: AEROPUERTO J.J. DE OLMEDO | R9: NO | S9: AMBATO CENTRO | T9: A0050-AEROPUERTO J.J. DE OLMEDO | U9: (48-ATM - OF. AMBATO CENTRO) + (A0074-AMBATO) | V9: -2.1479507455355, -79.884499354492 | W9: -2.1479507 | X9: -79.884499 | Y9: 0 | Z9: =+VLOOKUP(H9,Evalua!$G$2:$H$12,2,0) -> 1 | AA9: =+VLOOKUP(I9,Evalua!$G$2:$H$12,2,0) -> 2
A10: 165 | B10: ATM - OF. ALBORADA NORTE 1 | C10: ALBORADA NORTE | D10: NO | E10: ABIERTO | F10: OFICINA | G10: Gerardo Pulgarín | H10: Medio (Se inunda la calle) | I10: Media (Cortes esporádicos) | J10: =+VLOOKUP(A10,[1]Buscador!$B:$E,4,0) -> Guayaquil | K10: =+VLOOKUP(A10,[1]Buscador!$B:$F,5,0) -> Guayas | L10: Generador | O10: Medio (Se inunda la calle)Media (Cortes esporádicos) | P10: N2 Alto | Q10: ALBORADA NORTE | R10: NO | S10: ARCA CALDERON | T10: 165-ATM - OF. ALBORADA NORTE 1 | U10: (A0092-ARCA CALDERON) | V10: -2.1335977860225, -79.904058839287 | W10: -2.1335978 | X10: -79.904059 | Y10: 0 | Z10: =+VLOOKUP(H10,Evalua!$G$2:$H$12,2,0) -> 3 | AA10: =+VLOOKUP(I10,Evalua!$G$2:$H$12,2,0) -> 2
A11: 166 | B11: ATM - OF. ALBORADA NORTE 2 | C11: ALBORADA NORTE | D11: NO | E11: ABIERTO | F11: OFICINA | G11: Gerardo Pulgarín | H11: Medio (Se inunda la calle) | I11: Media (Cortes esporádicos) | J11: =+VLOOKUP(A11,[1]Buscador!$B:$E,4,0) -> Guayaquil | K11: =+VLOOKUP(A11,[1]Buscador!$B:$F,5,0) -> Guayas | L11: Generador | O11: Medio (Se inunda la calle)Media (Cortes esporádicos) | P11: N2 Alto | Q11: ALBORADA NORTE | R11: NO | S11: ARCA HUAYANAY QUITO | T11: 166-ATM - OF. ALBORADA NORTE 2 | U11: (A0091-ARCA HUAYANAY QUITO) | V11: -2.1335977860225, -79.904058839287 | W11: -2.1335978 | X11: -79.904059 | Y11: 0 | Z11: =+VLOOKUP(H11,Evalua!$G$2:$H$12,2,0) -> 3 | AA11: =+VLOOKUP(I11,Evalua!$G$2:$H$12,2,0) -> 2
A12: A0003 | B12: ALBORADA NORTE | C12: ALBORADA NORTE | D12: NO | E12: ABIERTO | F12: AGENCIA | G12: Gerardo Pulgarín | H12: Medio (Se inunda la calle) | I12: Media (Cortes esporádicos) | J12: =+VLOOKUP(A12,[1]Buscador!$B:$E,4,0) -> Guayaquil | K12: =+VLOOKUP(A12,[1]Buscador!$B:$F,5,0) -> Guayas | L12: Generador | M12: 250 | N12: 10.625 | O12: Medio (Se inunda la calle)Media (Cortes esporádicos) | P12: N2 Alto | Q12: ALBORADA NORTE | R12: NO | S12: ARCA JUAN TANCA MARENGO | T12: A0003-ALBORADA NORTE | U12: (A0035-ARCA JUAN TANCA MARENGO) | V12: -2.1335977860225, -79.904058839287 | W12: -2.1335978 | X12: -79.904059 | Y12: 0 | Z12: =+VLOOKUP(H12,Evalua!$G$2:$H$12,2,0) -> 3 | AA12: =+VLOOKUP(I12,Evalua!$G$2:$H$12,2,0) -> 2
A13: 4 | B13: ATM - OF. ALBORADA AUTOCAJERO | C13: MATRIZ-TEVCOL | D13: NO | E13: ABIERTO | F13: ISLA | G13: Gerardo Pulgarín | H13: Bajo / Seguro | I13: Media (Cortes esporádicos) | J13: =+VLOOKUP(A13,[1]Buscador!$B:$E,4,0) -> Guayaquil | K13: =+VLOOKUP(A13,[1]Buscador!$B:$F,5,0) -> Guayas | L13: Generador | O13: Bajo / SeguroMedia (Cortes esporádicos) | P13: N3 Moderado | Q13: ATM - OF. ALBORADA AUTOCAJERO | R13: NO | S13: ARCA OTAVALO | T13: 4-ATM - OF. ALBORADA AUTOCAJERO | U13: (A0100-ARCA OTAVALO) | V13: -2.1477533987468, -79.899858642948 | W13: -2.1477534 | X13: -79.899859 | Y13: 0 | Z13: =+VLOOKUP(H13,Evalua!$G$2:$H$12,2,0) -> 1 | AA13: =+VLOOKUP(I13,Evalua!$G$2:$H$12,2,0) -> 2
A14: 51 | B14: ATM - OF. ALBORADA PEATONAL | C14: ALBORADA | D14: NO | E14: ABIERTO | F14: OFICINA | G14: Gerardo Pulgarín | H14: Bajo / Seguro | I14: Media (Cortes esporádicos) | J14: =+VLOOKUP(A14,[1]Buscador!$B:$E,4,0) -> Guayaquil | K14: =+VLOOKUP(A14,[1]Buscador!$B:$F,5,0) -> Guayas | L14: Generador | O14: Bajo / SeguroMedia (Cortes esporádicos) | P14: N3 Moderado | Q14: ALBORADA ORELLANA | R14: NO | S14: ARCA PARQUE INDUSTRIAL CUENCA | T14: 51-ATM - OF. ALBORADA PEATONAL | U14: (A0090-ARCA PARQUE INDUSTRIAL CUENCA) | V14: -2.1477533987468, -79.899858642948 | W14: -2.1477534 | X14: -79.899859 | Y14: 0 | Z14: =+VLOOKUP(H14,Evalua!$G$2:$H$12,2,0) -> 1 | AA14: =+VLOOKUP(I14,Evalua!$G$2:$H$12,2,0) -> 2
A15: 470 | B15: ATM - OF. ALBORADA RECICLADOR | C15: ALBORADA | D15: NO | E15: ABIERTO | F15: OFICINA | G15: Gerardo Pulgarín | H15: Bajo / Seguro | I15: Media (Cortes esporádicos) | J15: =+VLOOKUP(A15,[1]Buscador!$B:$E,4,0) -> Guayaquil | K15: =+VLOOKUP(A15,[1]Buscador!$B:$F,5,0) -> Guayas | L15: Generador | O15: Bajo / SeguroMedia (Cortes esporádicos) | P15: N3 Moderado | Q15: ALBORADA ORELLANA | R15: NO | S15: ARCA PORTOVIEJO | T15: 470-ATM - OF. ALBORADA RECICLADOR | U15: (402-ATM - ARCA PORTOVIEJO) + (A0037-ARCA PORTOVIEJO) | V15: -2.1477533987468, -79.899858642948 | W15: -2.1477534 | X15: -79.899859 | Y15: 0 | Z15: =+VLOOKUP(H15,Evalua!$G$2:$H$12,2,0) -> 1 | AA15: =+VLOOKUP(I15,Evalua!$G$2:$H$12,2,0) -> 2
A16: A0002 | B16: ALBORADA | C16: ALBORADA | D16: NO | E16: ABIERTO | F16: AGENCIA | G16: Gerardo Pulgarín | H16: Bajo / Seguro | I16: Media (Cortes esporádicos) | J16: =+VLOOKUP(A16,[1]Buscador!$B:$E,4,0) -> Guayaquil | K16: =+VLOOKUP(A16,[1]Buscador!$B:$F,5,0) -> Guayas | L16: Generador | M16: 70 | N16: 8.2638889 | O16: Bajo / SeguroMedia (Cortes esporádicos) | P16: N3 Moderado | Q16: ALBORADA ORELLANA | R16: NO | S16: ARCA QUEVEDO | T16: A0002-ALBORADA | U16: (422-ATM - ARCA QUEVEDO) + (A0038-ARCA QUEVEDO) | V16: -2.1477533987468, -79.899858642948 | W16: -2.1477534 | X16: -79.899859 | Y16: 0 | Z16: =+VLOOKUP(H16,Evalua!$G$2:$H$12,2,0) -> 1 | AA16: =+VLOOKUP(I16,Evalua!$G$2:$H$12,2,0) -> 2
A17: 48 | B17: ATM - OF. AMBATO CENTRO | C17: AMBATO | D17: NO | E17: ABIERTO | F17: OFICINA | G17: Fernando Peralta | H17: Crítico (Se inunda punto de atención) | I17: Media (Cortes esporádicos) | J17: =+VLOOKUP(A17,[1]Buscador!$B:$E,4,0) -> Ambato | K17: =+VLOOKUP(A17,[1]Buscador!$B:$F,5,0) -> Tungurahua | L17: Generador | O17: Crítico (Se inunda punto de atención)Media (Cortes esporádicos) | P17: N1 Crítico | Q17: AMBATO CENTRO | R17: NO | S17: ARCA SANTO DOMINGO | T17: 48-ATM - OF. AMBATO CENTRO | U17: (A0039-ARCA SANTO DOMINGO) | V17: -1.2413417400182, -78.628491327921 | W17: -1.2413417 | X17: -78.628491 | Y17: 0 | Z17: =+VLOOKUP(H17,Evalua!$G$2:$H$12,2,0) -> 4 | AA17: =+VLOOKUP(I17,Evalua!$G$2:$H$12,2,0) -> 2
A18: A0074 | B18: AMBATO | C18: AMBATO | D18: NO | E18: ABIERTO | F18: AGENCIA | G18: Fernando Peralta | H18: Crítico (Se inunda punto de atención) | I18: Media (Cortes esporádicos) | J18: =+VLOOKUP(A18,[1]Buscador!$B:$E,4,0) -> Ambato | K18: =+VLOOKUP(A18,[1]Buscador!$B:$F,5,0) -> Tungurahua | L18: Generador | M18: 15 | N18: 5.5434783 | O18: Crítico (Se inunda punto de atención)Media (Cortes esporádicos) | P18: N1 Crítico | Q18: AMBATO CENTRO | R18: NO | S18: ARCA VIA A DAULE | T18: A0074-AMBATO | U18: (A0040-ARCA VIA A DAULE) | V18: -1.2413417400182, -78.628491327921 | W18: -1.2413417 | X18: -78.628491 | Y18: 0 | Z18: =+VLOOKUP(H18,Evalua!$G$2:$H$12,2,0) -> 4 | AA18: =+VLOOKUP(I18,Evalua!$G$2:$H$12,2,0) -> 2
A19: A0092 | B19: ARCA CALDERON | C19: ARCA CALDERON | D19: NO | E19: ABIERTO | F19: VENTANILLA DE EMPRESA | G19: Fernando Peralta | H19: Bajo / Seguro | I19: Media (Cortes esporádicos) | J19: =+VLOOKUP(A19,[1]Buscador!$B:$E,4,0) -> Carapungo | K19: =+VLOOKUP(A19,[1]Buscador!$B:$F,5,0) -> Pichincha | L19: Generador | M19: 5 | N19: 8.5 | O19: Bajo / SeguroMedia (Cortes esporádicos) | P19: N3 Moderado | Q19: ARCA CALDERON | R19: NO | S19: ARCA VIA PASAJE MACHALA | T19: A0092-ARCA CALDERON | U19: (A0036-ARCA VIA PASAJE MACHALA) | V19: -0.10572923708953, -78.443399190862 | W19: -0.10572924 | X19: -78.443399 | Y19: 0 | Z19: =+VLOOKUP(H19,Evalua!$G$2:$H$12,2,0) -> 1 | AA19: =+VLOOKUP(I19,Evalua!$G$2:$H$12,2,0) -> 2
A20: A0091 | B20: ARCA HUAYANAY QUITO | C20: ARCA HUAYANAY QUITO | D20: NO | E20: ABIERTO | F20: VENTANILLA DE EMPRESA | G20: Fernando Peralta | H20: Bajo / Seguro | I20: Media (Cortes esporádicos) | J20: =+VLOOKUP(A20,[1]Buscador!$B:$E,4,0) -> Quito | K20: =+VLOOKUP(A20,[1]Buscador!$B:$F,5,0) -> Pichincha | L20: Generador | O20: Bajo / SeguroMedia (Cortes esporádicos) | P20: N3 Moderado | Q20: ARCA HUAYANAY QUITO | R20: NO | S20: ATM - ACERO COMERCIAL QUITO | T20: A0091-ARCA HUAYANAY QUITO | U20: (150-ATM - ACERO COMERCIAL QUITO) | V20: -0.30416769242810987, -78.54273899138401 | W20: -0.30416769 | X20: -78.542739 | Y20: 0 | Z20: =+VLOOKUP(H20,Evalua!$G$2:$H$12,2,0) -> 1 | AA20: =+VLOOKUP(I20,Evalua!$G$2:$H$12,2,0) -> 2
A21: A0035 | B21: ARCA JUAN TANCA MARENGO | C21: ARCA JUAN TANCA MARENGO | D21: NO | E21: ABIERTO | F21: VENTANILLA DE EMPRESA | G21: Gerardo Pulgarín | H21: Bajo / Seguro | I21: Media (Cortes esporádicos) | J21: =+VLOOKUP(A21,[1]Buscador!$B:$E,4,0) -> Guayaquil | K21: =+VLOOKUP(A21,[1]Buscador!$B:$F,5,0) -> Guayas | L21: Generador | O21: Bajo / SeguroMedia (Cortes esporádicos) | P21: N3 Moderado | Q21: ARCA JUAN TANCA MARENGO | R21: NO | S21: ATM - ALHAMBRA SHOPPING | T21: A0035-ARCA JUAN TANCA MARENGO | U21: (443-ATM - ALHAMBRA SHOPPING) | V21: -2.1436198698285, -79.914839904091 | W21: -2.1436199 | X21: -79.91484 | Y21: 0 | Z21: =+VLOOKUP(H21,Evalua!$G$2:$H$12,2,0) -> 1 | AA21: =+VLOOKUP(I21,Evalua!$G$2:$H$12,2,0) -> 2
A22: A0100 | B22: ARCA OTAVALO | C22: ARCA OTAVALO | D22: NO | E22: ABIERTO | F22: VENTANILLA DE EMPRESA | G22: Fernando Peralta | H22: Bajo / Seguro | I22: Media (Cortes esporádicos) | J22: =+VLOOKUP(A22,[1]Buscador!$B:$E,4,0) -> San Juan deI lumán | K22: =+VLOOKUP(A22,[1]Buscador!$B:$F,5,0) -> Imbabura | L22: NO | O22: Bajo / SeguroMedia (Cortes esporádicos) | P22: N3 Moderado | Q22: ARCA OTAVALO | R22: NO | S22: ATM - ALMAX CENTER | T22: A0100-ARCA OTAVALO | U22: (548-ATM - ALMAX CENTER) | V22: 0.276139, -78.239348 | W22: 0.276139 | X22: -78.239348 | Y22: 0 | Z22: =+VLOOKUP(H22,Evalua!$G$2:$H$12,2,0) -> 1 | AA22: =+VLOOKUP(I22,Evalua!$G$2:$H$12,2,0) -> 2
A23: A0090 | B23: ARCA PARQUE INDUSTRIAL CUENCA | C23: ARCA PARQUE INDUSTRIAL CUENCA | D23: NO | E23: ABIERTO | F23: VENTANILLA DE EMPRESA | G23: Miguel Rojas | H23: Bajo / Seguro | I23: Alta (Corte inmediato) | J23: =+VLOOKUP(A23,[1]Buscador!$B:$E,4,0) -> Cuenca | K23: =+VLOOKUP(A23,[1]Buscador!$B:$F,5,0) -> Azuay | L23: Generador | O23: Bajo / SeguroAlta (Corte inmediato) | P23: N2 Alto | Q23: ARCA PARQUE INDUSTRIAL CUENCA | R23: NO | S23: ATM - ARCA EL INCA | T23: A0090-ARCA PARQUE INDUSTRIAL CUENCA | U23: (399-ATM - ARCA EL INCA) | V23: -2.881478, -78.975129 | W23: -2.881478 | X23: -78.975129 | Y23: 0 | Z23: =+VLOOKUP(H23,Evalua!$G$2:$H$12,2,0) -> 1 | AA23: =+VLOOKUP(I23,Evalua!$G$2:$H$12,2,0) -> 3
A24: 402 | B24: ATM - ARCA PORTOVIEJO | C24: PORTOVIEJO | D24: NO | E24: ABIERTO | F24: OFICINA | G24: José Mendoza | H24: Crítico (Se inunda punto de atención) | I24: Media (Cortes esporádicos) | J24: =+VLOOKUP(A24,[1]Buscador!$B:$E,4,0) -> Portoviejo | K24: =+VLOOKUP(A24,[1]Buscador!$B:$F,5,0) -> Manabí | L24: Generador | O24: Crítico (Se inunda punto de atención)Media (Cortes esporádicos) | P24: N1 Crítico | Q24: ARCA PORTOVIEJO | R24: NO | S24: ATM - ARCA JUAN TANCA MARENGO | T24: 402-ATM - ARCA PORTOVIEJO | U24: (398-ATM - ARCA JUAN TANCA MARENGO) | V24: -1.073357, -80.444453 | W24: -1.073357 | X24: -80.444453 | Y24: 0 | Z24: =+VLOOKUP(H24,Evalua!$G$2:$H$12,2,0) -> 4 | AA24: =+VLOOKUP(I24,Evalua!$G$2:$H$12,2,0) -> 2
A25: A0037 | B25: ARCA PORTOVIEJO | C25: ARCA PORTOVIEJO | D25: SI | E25: ABIERTO | F25: VENTANILLA DE EMPRESA | G25: José Mendoza | H25: Crítico (Se inunda punto de atención) | I25: Media (Cortes esporádicos) | J25: =+VLOOKUP(A25,[1]Buscador!$B:$E,4,0) -> Portoviejo | K25: =+VLOOKUP(A25,[1]Buscador!$B:$F,5,0) -> Manabí | L25: Generador | O25: Crítico (Se inunda punto de atención)Media (Cortes esporádicos) | P25: N1 Crítico | Q25: ARCA PORTOVIEJO | R25: NO | S25: ATM - ARCA QUITO CALDERON | T25: A0037-ARCA PORTOVIEJO | U25: (396-ATM - ARCA QUITO CALDERON) | V25: -1.073357, -80.444453 | W25: -1.073357 | X25: -80.444453 | Y25: 0 | Z25: =+VLOOKUP(H25,Evalua!$G$2:$H$12,2,0) -> 4 | AA25: =+VLOOKUP(I25,Evalua!$G$2:$H$12,2,0) -> 2
A26: 422 | B26: ATM - ARCA QUEVEDO | C26: QUEVEDO | D26: NO | E26: ABIERTO | F26: OFICINA | G26: Fabián Burgos | H26: Bajo / Seguro | I26: Alta (Corte inmediato) | J26: =+VLOOKUP(A26,[1]Buscador!$B:$E,4,0) -> Quevedo | K26: =+VLOOKUP(A26,[1]Buscador!$B:$F,5,0) -> Los Ríos | L26: Generador | O26: Bajo / SeguroAlta (Corte inmediato) | P26: N2 Alto | Q26: ARCA QUEVEDO | R26: NO | S26: ATM - ARCA SANTO DOMINGO | T26: 422-ATM - ARCA QUEVEDO | U26: (397-ATM - ARCA SANTO DOMINGO) | V26: -0.97913, -79.440004 | W26: -0.97913 | X26: -79.440004 | Y26: 0 | Z26: =+VLOOKUP(H26,Evalua!$G$2:$H$12,2,0) -> 1 | AA26: =+VLOOKUP(I26,Evalua!$G$2:$H$12,2,0) -> 3
A27: A0038 | B27: ARCA QUEVEDO | C27: ARCA QUEVEDO | D27: NO | E27: ABIERTO | F27: VENTANILLA DE EMPRESA | G27: Fabián Burgos | H27: Bajo / Seguro | I27: Alta (Corte inmediato) | J27: =+VLOOKUP(A27,[1]Buscador!$B:$E,4,0) -> Quevedo | K27: =+VLOOKUP(A27,[1]Buscador!$B:$F,5,0) -> Los Ríos | L27: Generador | O27: Bajo / SeguroAlta (Corte inmediato) | P27: N2 Alto | Q27: ARCA QUEVEDO | R27: NO | S27: ATM - ARCA VIA A DAULE | T27: A0038-ARCA QUEVEDO | U27: (395-ATM - ARCA VIA A DAULE) | V27: -0.97913, -79.440004 | W27: -0.97913 | X27: -79.440004 | Y27: 0 | Z27: =+VLOOKUP(H27,Evalua!$G$2:$H$12,2,0) -> 1 | AA27: =+VLOOKUP(I27,Evalua!$G$2:$H$12,2,0) -> 3
A28: A0039 | B28: ARCA SANTO DOMINGO | C28: ARCA SANTO DOMINGO | D28: NO | E28: ABIERTO | F28: VENTANILLA DE EMPRESA | G28: Carlos Morán | H28: Bajo / Seguro | I28: Alta (Corte inmediato) | J28: =+VLOOKUP(A28,[1]Buscador!$B:$E,4,0) -> Santo Domingo de los Tsachilas | K28: =+VLOOKUP(A28,[1]Buscador!$B:$F,5,0) -> Santo Domingo de los Tsáchilas | L28: Generador | O28: Bajo / SeguroAlta (Corte inmediato) | P28: N2 Alto | Q28: ARCA SANTO DOMINGO | R28: NO | S28: ATM - ATARAZANA HOSP. R. GILBERT | T28: A0039-ARCA SANTO DOMINGO | U28: (108-ATM - ATARAZANA HOSP. R. GILBERT) | V28: -0.25710976049203, -79.204541208058 | W28: -0.25710976 | X28: -79.204541 | Y28: 0 | Z28: =+VLOOKUP(H28,Evalua!$G$2:$H$12,2,0) -> 1 | AA28: =+VLOOKUP(I28,Evalua!$G$2:$H$12,2,0) -> 3
A29: A0040 | B29: ARCA VIA A DAULE | C29: ARCA VIA A DAULE | D29: NO | E29: ABIERTO | F29: VENTANILLA DE EMPRESA | G29: Gerardo Pulgarín | H29: Bajo / Seguro | I29: Media (Cortes esporádicos) | J29: =+VLOOKUP(A29,[1]Buscador!$B:$E,4,0) -> Guayaquil | K29: =+VLOOKUP(A29,[1]Buscador!$B:$F,5,0) -> Guayas | L29: Generador | O29: Bajo / SeguroMedia (Cortes esporádicos) | P29: N3 Moderado | Q29: ARCA VIA A DAULE | R29: NO | S29: ATM - AV. LA ECUATORIANA | T29: A0040-ARCA VIA A DAULE | U29: (437-ATM - AV. LA ECUATORIANA) | V29: -2.110533, -79.937646 | W29: -2.110533 | X29: -79.937646 | Y29: 0 | Z29: =+VLOOKUP(H29,Evalua!$G$2:$H$12,2,0) -> 1 | AA29: =+VLOOKUP(I29,Evalua!$G$2:$H$12,2,0) -> 2
A30: A0036 | B30: ARCA VIA PASAJE MACHALA | C30: ARCA VIA PASAJE MACHALA | D30: NO | E30: ABIERTO | F30: VENTANILLA DE EMPRESA | G30: Washington Reyes | H30: Medio (Se inunda la calle) | I30: Alta (Corte inmediato) | J30: =+VLOOKUP(A30,[1]Buscador!$B:$E,4,0) -> Machala | K30: =+VLOOKUP(A30,[1]Buscador!$B:$F,5,0) -> El Oro | L30: Generador | O30: Medio (Se inunda la calle)Alta (Corte inmediato) | P30: N1 Crítico | Q30: ARCA VIA PASAJE MACHALA | R30: NO | S30: ATM - AVICOLA FERNANDEZ , AV. ISI | T30: A0036-ARCA VIA PASAJE MACHALA | U30: (249-ATM - AVICOLA FERNANDEZ , AV. ISI) | V30: -3.274044, -79.935957 | W30: -3.274044 | X30: -79.935957 | Y30: 0 | Z30: =+VLOOKUP(H30,Evalua!$G$2:$H$12,2,0) -> 3 | AA30: =+VLOOKUP(I30,Evalua!$G$2:$H$12,2,0) -> 3
A31: 150 | B31: ATM - ACERO COMERCIAL QUITO | C31: MATRIZ-TEVCOL | D31: NO | E31: ABIERTO | F31: ISLA | G31: Fernando Peralta | H31: Medio (Se inunda la calle) | I31: Media (Cortes esporádicos) | J31: =+VLOOKUP(A31,[1]Buscador!$B:$E,4,0) -> Quito | K31: =+VLOOKUP(A31,[1]Buscador!$B:$F,5,0) -> Pichincha | L31: NO | O31: Medio (Se inunda la calle)Media (Cortes esporádicos) | P31: N2 Alto | Q31: ATM - ACERO COMERCIAL QUITO | R31: NO | S31: ATM - AVÍCOLA FERNANDEZ BABAHOYO | T31: 150-ATM - ACERO COMERCIAL QUITO | U31: (496-ATM - AVÍCOLA FERNANDEZ BABAHOYO) | V31: -0.158622, -78.488167 | W31: -0.158622 | X31: -78.488167 | Y31: 0 | Z31: =+VLOOKUP(H31,Evalua!$G$2:$H$12,2,0) -> 3 | AA31: =+VLOOKUP(I31,Evalua!$G$2:$H$12,2,0) -> 2
... A69: 497 | B69: ATM - DURAN BUSINESS CENTER | C69: MATRIZ-TEVCOL | D69: NO | E69: ABIERTO | F69: ISLA | G69: Gerardo Pulgarín | H69: Bajo / Seguro | I69: Media (Cortes esporádicos) | J69: =+VLOOKUP(A69,[1]Buscador!$B:$E,4,0) -> Durán | K69: =+VLOOKUP(A69,[1]Buscador!$B:$F,5,0) -> Guayas | L69: Generador | O69: Bajo / SeguroMedia (Cortes esporádicos) | P69: N3 Moderado | Q69: ATM - DURAN BUSINESS CENTER | R69: NO | S69: ATM - GARZOCENTRO SHOPPING CENTER | T69: 497-ATM - DURAN BUSINESS CENTER | U69: (458-ATM - GARZOCENTRO SHOPPING CENTER) | V69: -2.188029909433, -79.827955918632 | W69: -2.1880299 | X69: -79.827956 | Y69: 0 | Z69: =+VLOOKUP(H69,Evalua!$G$2:$H$12,2,0) -> 1 | AA69: =+VLOOKUP(I69,Evalua!$G$2:$H$12,2,0) -> 2
A70: 546 | B70: ATM - DURAN EL RECREO 3 ETAPA | C70: MATRIZ-TEVCOL | D70: NO | E70: ABIERTO | F70: ISLA | G70: Gerardo Pulgarín | H70: Medio (Se inunda la calle) | I70: Alta (Corte inmediato) | J70: =+VLOOKUP(A70,[1]Buscador!$B:$E,4,0) -> Durán | K70: =+VLOOKUP(A70,[1]Buscador!$B:$F,5,0) -> Guayas | L70: Baterias | M70: 0 | N70: 3 | O70: Medio (Se inunda la calle)Alta (Corte inmediato) | P70: N1 Crítico | Q70: ATM - DURAN EL RECREO 3 ETAPA | R70: NO | S70: ATM - GAS PETROCOMERCIAL SUR | T70: 546-ATM - DURAN EL RECREO 3 ETAPA | U70: (233-ATM - GAS PETROCOMERCIAL SUR) | V70: -2.17431566775777, -79.8037642790764 | W70: -2.1743157 | X70: -79.803764 | Y70: 0 | Z70: =+VLOOKUP(H70,Evalua!$G$2:$H$12,2,0) -> 3 | AA70: =+VLOOKUP(I70,Evalua!$G$2:$H$12,2,0) -> 3
A71: 511 | B71: ATM - ECOTEC | C71: MATRIZ-TEVCOL | D71: NO | E71: ABIERTO | F71: ISLA | G71: Gerardo Pulgarín | H71: Bajo / Seguro | I71: Media (Cortes esporádicos) | J71: =+VLOOKUP(A71,[1]Buscador!$B:$E,4,0) -> Samborondón | K71: =+VLOOKUP(A71,[1]Buscador!$B:$F,5,0) -> Guayas | L71: Generador | O71: Bajo / SeguroMedia (Cortes esporádicos) | P71: N3 Moderado | Q71: ATM - ECOTEC | R71: NO | S71: ATM - GAS. HERMANO MIGUEL AV. 25 | T71: 511-ATM - ECOTEC | U71: (247-ATM - GAS. HERMANO MIGUEL AV. 25) | V71: -2.0383602154564, -79.857352980223 | W71: -2.0383602 | X71: -79.857353 | Y71: 0 | Z71: =+VLOOKUP(H71,Evalua!$G$2:$H$12,2,0) -> 1 | AA71: =+VLOOKUP(I71,Evalua!$G$2:$H$12,2,0) -> 2
A72: 334 | B72: ATM - FAR. CRUZ AZUL SAUCES 9 | C72: MATRIZ-TEVCOL | D72: NO | E72: ABIERTO | F72: ISLA | G72: Gerardo Pulgarín | H72: Medio (Se inunda la calle) | I72: Media (Cortes esporádicos) | J72: =+VLOOKUP(A72,[1]Buscador!$B:$E,4,0) -> Guayaquil | K72: =+VLOOKUP(A72,[1]Buscador!$B:$F,5,0) -> Guayas | L72: NO | O72: Medio (Se inunda la calle)Media (Cortes esporádicos) | P72: N2 Alto | Q72: ATM - FAR. CRUZ AZUL SAUCES 9 | R72: NO | S72: ATM - GAS. PDV TERMINAL PASCUALES | T72: 334-ATM - FAR. CRUZ AZUL SAUCES 9 | U72: (429-ATM - GAS. PDV TERMINAL PASCUALES) | V72: -2.128026, -79.892673 | W72: -2.128026 | X72: -79.892673 | Y72: 0 | Z72: =+VLOOKUP(H72,Evalua!$G$2:$H$12,2,0) -> 3 | AA72: =+VLOOKUP(I72,Evalua!$G$2:$H$12,2,0) -> 2
A73: 131 | B73: ATM - FARM. CRUZ AZUL MARTHA DE R | C73: MATRIZ-TEVCOL | D73: NO | E73: ABIERTO | F73: ISLA | G73: Gerardo Pulgarín | H73: Bajo / Seguro | I73: Media (Cortes esporádicos) | J73: =+VLOOKUP(A73,[1]Buscador!$B:$E,4,0) -> Guayaquil | K73: =+VLOOKUP(A73,[1]Buscador!$B:$F,5,0) -> Guayas | L73: NO | O73: Bajo / SeguroMedia (Cortes esporádicos) | P73: N3 Moderado | Q73: ATM - FARM. CRUZ AZUL MARTHA DE R | R73: NO | S73: ATM - GAS. PETROLEOS Y SERVICIOS | T73: 131-ATM - FARM. CRUZ AZUL MARTHA DE R | U73: (159-ATM - GAS. PETROLEOS Y SERVICIOS) | V73: -2.1450553375999, -79.922635587483 | W73: -2.1450553 | X73: -79.922636 | Y73: 0 | Z73: =+VLOOKUP(H73,Evalua!$G$2:$H$12,2,0) -> 1 | AA73: =+VLOOKUP(I73,Evalua!$G$2:$H$12,2,0) -> 2
A74: 451 | B74: ATM - FARM. CRUZ AZUL POMASQUI | C74: MATRIZ-TEVCOL | D74: NO | E74: ABIERTO | F74: ISLA | G74: Fernando Peralta | H74: Medio (Se inunda la calle) | I74: Alta (Corte inmediato) | J74: =+VLOOKUP(A74,[1]Buscador!$B:$E,4,0) -> Distrito Metropolitano de Quito | K74: =+VLOOKUP(A74,[1]Buscador!$B:$F,5,0) -> Pichincha | L74: NO | O74: Medio (Se inunda la calle)Alta (Corte inmediato) | P74: N1 Crítico | Q74: ATM - FARM. CRUZ AZUL POMASQUI | R74: NO | S74: ATM - GAS. PETROMAR | T74: 451-ATM - FARM. CRUZ AZUL POMASQUI | U74: (474-ATM - GAS. PETROMAR) | V74: -0.054045, -78.455478 | W74: -0.054045 | X74: -78.455478 | Y74: 0 | Z74: =+VLOOKUP(H74,Evalua!$G$2:$H$12,2,0) -> 3 | AA74: =+VLOOKUP(I74,Evalua!$G$2:$H$12,2,0) -> 3
A75: 117 | B75: ATM - FARM. DROMAYOR | C75: MATRIZ-TEVCOL | D75: NO | E75: ABIERTO | F75: ISLA | G75: Gerardo Pulgarín | H75: Bajo / Seguro | I75: Media (Cortes esporádicos) | J75: =+VLOOKUP(A75,[1]Buscador!$B:$E,4,0) -> Guayaquil | K75: =+VLOOKUP(A75,[1]Buscador!$B:$F,5,0) -> Guayas | L75: NO | O75: Bajo / SeguroMedia (Cortes esporádicos) | P75: N3 Moderado | Q75: ATM - FARM. DROMAYOR | R75: NO | S75: ATM - GAS. TERPEL GUAYACANES | T75: 117-ATM - FARM. DROMAYOR | U75: (352-ATM - GAS. TERPEL GUAYACANES) | V75: -2.186439, -79.88382 | W75: -2.186439 | X75: -79.88382 | Y75: 0 | Z75: =+VLOOKUP(H75,Evalua!$G$2:$H$12,2,0) -> 1 | AA75: =+VLOOKUP(I75,Evalua!$G$2:$H$12,2,0) -> 2
A76: 125 | B76: ATM - FARM. PHARMACYS BATAN BAJO | C76: MATRIZ-TEVCOL | D76: NO | E76: ABIERTO | F76: ISLA | G76: Fernando Peralta | H76: Medio (Se inunda la calle) | I76: Alta (Corte inmediato) | J76: =+VLOOKUP(A76,[1]Buscador!$B:$E,4,0) -> Quito | K76: =+VLOOKUP(A76,[1]Buscador!$B:$F,5,0) -> Pichincha | L76: NO | O76: Medio (Se inunda la calle)Alta (Corte inmediato) | P76: N1 Crítico | Q76: ATM - FARM. PHARMACYS BATAN BAJO | R76: NO | S76: ATM - GAS. TERPEL VIA COSTA | T76: 125-ATM - FARM. PHARMACYS BATAN BAJO | U76: (17-ATM - GAS. TERPEL VIA COSTA) | V76: -0.18534561055841, -78.478990546681 | W76: -0.18534561 | X76: -78.478991 | Y76: 0 | Z76: =+VLOOKUP(H76,Evalua!$G$2:$H$12,2,0) -> 3 | AA76: =+VLOOKUP(I76,Evalua!$G$2:$H$12,2,0) -> 3
A77: 151 | B77: ATM - FARM. VICTORIA 29 Y ORIENTE | C77: MATRIZ-TEVCOL | D77: NO | E77: ABIERTO | F77: ISLA | G77: Gerardo Pulgarín | H77: Medio (Se inunda la calle) | I77: Alta (Corte inmediato) | J77: =+VLOOKUP(A77,[1]Buscador!$B:$E,4,0) -> Guayaquil | K77: =+VLOOKUP(A77,[1]Buscador!$B:$F,5,0) -> Guayas | L77: NO | O77: Medio (Se inunda la calle)Alta (Corte inmediato) | P77: N1 Crítico | Q77: ATM - FARM. VICTORIA 29 Y ORIENTE | R77: NO | S77: ATM - GISIS | T77: 151-ATM - FARM. VICTORIA 29 Y ORIENTE | U77: (464-ATM - GISIS) | V77: -2.2111070203254, -79.930980380145 | W77: -2.211107 | X77: -79.93098 | Y77: 0 | Z77: =+VLOOKUP(H77,Evalua!$G$2:$H$12,2,0) -> 3 | AA77: =+VLOOKUP(I77,Evalua!$G$2:$H$12,2,0) -> 3
A78: 210 | B78: ATM - FLORIDA NORTE | C78: MATRIZ-TEVCOL | D78: NO | E78: ABIERTO | F78: ISLA | G78: Gerardo Pulgarín | H78: Bajo / Seguro | I78: Media (Cortes esporádicos) | J78: =+VLOOKUP(A78,[1]Buscador!$B:$E,4,0) -> Guayaquil | K78: =+VLOOKUP(A78,[1]Buscador!$B:$F,5,0) -> Guayas | L78: NO | O78: Bajo / SeguroMedia (Cortes esporádicos) | P78: N3 Moderado | Q78: ATM - FLORIDA NORTE | R78: NO | S78: ATM - GRUPASA | T78: 210-ATM - FLORIDA NORTE | U78: (367-ATM - GRUPASA) | V78: -2.128815, -79.93605 | W78: -2.128815 | X78: -79.93605 | Y78: 0 | Z78: =+VLOOKUP(H78,Evalua!$G$2:$H$12,2,0) -> 1 | AA78: =+VLOOKUP(I78,Evalua!$G$2:$H$12,2,0) -> 2
A79: 394 | B79: ATM - FLORIDA NORTE 2 | C79: MATRIZ-TEVCOL | D79: NO | E79: ABIERTO | F79: ISLA | G79: Gerardo Pulgarín | H79: Bajo / Seguro | I79: Media (Cortes esporádicos) | J79: =+VLOOKUP(A79,[1]Buscador!$B:$E,4,0) -> Guayaquil | K79: =+VLOOKUP(A79,[1]Buscador!$B:$F,5,0) -> Guayas | L79: NO | O79: Bajo / SeguroMedia (Cortes esporádicos) | P79: N3 Moderado | Q79: ATM - FLORIDA NORTE 2 | R79: NO | S79: ATM - HIPER DE MUCHO LOTE 2 | T79: 394-ATM - FLORIDA NORTE 2 | U79: (455-ATM - HIPER DE MUCHO LOTE 2) | V79: -2.128815, -79.93605 | W79: -2.128815 | X79: -79.93605 | Y79: 0 | Z79: =+VLOOKUP(H79,Evalua!$G$2:$H$12,2,0) -> 1 | AA79: =+VLOOKUP(I79,Evalua!$G$2:$H$12,2,0) -> 2
A80: 458 | B80: ATM - GARZOCENTRO SHOPPING CENTER | C80: MATRIZ-TEVCOL | D80: NO | E80: ABIERTO | F80: ISLA | G80: Gerardo Pulgarín | H80: Medio (Se inunda la calle) | I80: Media (Cortes esporádicos) | J80: =+VLOOKUP(A80,[1]Buscador!$B:$E,4,0) -> Guayaquil | K80: =+VLOOKUP(A80,[1]Buscador!$B:$F,5,0) -> Guayas | L80: Generador | O80: Medio (Se inunda la calle)Media (Cortes esporádicos) | P80: N2 Alto | Q80: ATM - GARZOCENTRO SHOPPING CENTER | R80: NO | S80: ATM - HIPER EL BUIJO | T80: 458-ATM - GARZOCENTRO SHOPPING CENTER | U80: (545-ATM - HIPER EL BUIJO) | V80: -2.144117, -79.89329 | W80: -2.144117 | X80: -79.89329 | Y80: 0 | Z80: =+VLOOKUP(H80,Evalua!$G$2:$H$12,2,0) -> 3 | AA80: =+VLOOKUP(I80,Evalua!$G$2:$H$12,2,0) -> 2
A81: 233 | B81: ATM - GAS PETROCOMERCIAL SUR | C81: MATRIZ-TEVCOL | D81: NO | E81: ABIERTO | F81: ISLA | G81: Gerardo Pulgarín | H81: Bajo / Seguro | I81: Media (Cortes esporádicos) | J81: =+VLOOKUP(A81,[1]Buscador!$B:$E,4,0) -> Guayaquil | K81: =+VLOOKUP(A81,[1]Buscador!$B:$F,5,0) -> Guayas | L81: Generador | O81: Bajo / SeguroMedia (Cortes esporádicos) | P81: N3 Moderado | Q81: ATM - GAS PETROCOMERCIAL SUR | R81: NO | S81: ATM - HIPER VIA A LA COSTA | T81: 233-ATM - GAS PETROCOMERCIAL SUR | U81: (355-ATM - HIPER VIA A LA COSTA) | V81: -2.2638741159323, -79.896355449995 | W81: -2.2638741 | X81: -79.896355 | Y81: 0 | Z81: =+VLOOKUP(H81,Evalua!$G$2:$H$12,2,0) -> 1 | AA81: =+VLOOKUP(I81,Evalua!$G$2:$H$12,2,0) -> 2
A82: 247 | B82: ATM - GAS. HERMANO MIGUEL AV. 25 | C82: MATRIZ-TEVCOL | D82: NO | E82: ABIERTO | F82: ISLA | G82: Gerardo Pulgarín | H82: Bajo / Seguro | I82: Media (Cortes esporádicos) | J82: =+VLOOKUP(A82,[1]Buscador!$B:$E,4,0) -> Guayaquil | K82: =+VLOOKUP(A82,[1]Buscador!$B:$F,5,0) -> Guayas | L82: Generador | O82: Bajo / SeguroMedia (Cortes esporádicos) | P82: N3 Moderado | Q82: ATM - GAS. HERMANO MIGUEL AV. 25 | R82: NO | S82: ATM - HIPERMARKET AV. LAS AMERICA | T82: 247-ATM - GAS. HERMANO MIGUEL AV. 25 | U82: (261-ATM - HIPERMARKET AV. LAS AMERICA) | V82: -2.2509256027895, -79.89407117791 | W82: -2.2509256 | X82: -79.894071 | Y82: 0 | Z82: =+VLOOKUP(H82,Evalua!$G$2:$H$12,2,0) -> 1 | AA82: =+VLOOKUP(I82,Evalua!$G$2:$H$12,2,0) -> 2
... A114: 408 | B114: ATM - LOTERIA NACIONAL 9 DE OCTUB | C114: MATRIZ-TEVCOL | D114: NO | E114: ABIERTO | F114: ISLA | G114: Gerardo Pulgarín | H114: Bajo / Seguro | I114: Media (Cortes esporádicos) | J114: =+VLOOKUP(A114,[1]Buscador!$B:$E,4,0) -> Guayaquil | K114: =+VLOOKUP(A114,[1]Buscador!$B:$F,5,0) -> Guayas | L114: NO | O114: Bajo / SeguroMedia (Cortes esporádicos) | P114: N3 Moderado | Q114: ATM - LOTERIA NACIONAL 9 DE OCTUB | R114: NO | S114: ATM - MUCHO LOTE ETAPA 7 | T114: 408-ATM - LOTERIA NACIONAL 9 DE OCTUB | U114: (409-ATM - MUCHO LOTE ETAPA 7) | V114: -2.190161, -79.886549 | W114: -2.190161 | X114: -79.886549 | Y114: 0 | Z114: =+VLOOKUP(H114,Evalua!$G$2:$H$12,2,0) -> 1 | AA114: =+VLOOKUP(I114,Evalua!$G$2:$H$12,2,0) -> 2
A115: 480 | B115: ATM - MALECON DE SALINAS | C115: MATRIZ-TEVCOL | D115: SI | E115: ABIERTO | F115: ISLA | G115: Gerardo Pulgarín | H115: Bajo / Seguro | I115: Media (Cortes esporádicos) | J115: =+VLOOKUP(A115,[1]Buscador!$B:$E,4,0) -> Salinas | K115: =+VLOOKUP(A115,[1]Buscador!$B:$F,5,0) -> Santa Elena | L115: Baterias | M115: 0 | N115: 4 | O115: Bajo / SeguroMedia (Cortes esporádicos) | P115: N3 Moderado | Q115: ATM - MALECON DE SALINAS | R115: OLEAJE | S115: ATM - MULT AUTOB ENTRERIOS | T115: 480-ATM - MALECON DE SALINAS | U115: (417-ATM - MULT AUTOB ENTRERIOS) | V115: -2.2049575175464, -80.973525440475 | W115: -2.2049575 | X115: -80.973525 | Y115: 0 | Z115: =+VLOOKUP(H115,Evalua!$G$2:$H$12,2,0) -> 1 | AA115: =+VLOOKUP(I115,Evalua!$G$2:$H$12,2,0) -> 2
A116: 301 | B116: ATM - MANTA FLAVIO REYES Y CALLE | C116: MATRIZ-TEVCOL | D116: SI | E116: ABIERTO | F116: ISLA | G116: José Mendoza | H116: Crítico (Se inunda punto de atención) | I116: Alta (Corte inmediato) | J116: =+VLOOKUP(A116,[1]Buscador!$B:$E,4,0) -> Manta | K116: =+VLOOKUP(A116,[1]Buscador!$B:$F,5,0) -> Manabí | L116: NO | O116: Crítico (Se inunda punto de atención)Alta (Corte inmediato) | P116: N1 Crítico | Q116: ATM - MANTA FLAVIO REYES Y CALLE | R116: NO | S116: ATM - MULTIPLAZA AIRES DEL BATAN | T116: 301-ATM - MANTA FLAVIO REYES Y CALLE | U116: (436-ATM - MULTIPLAZA AIRES DEL BATAN) | V116: -0.94494581786925, -80.73290525893 | W116: -0.94494582 | X116: -80.732905 | Y116: 0 | Z116: =+VLOOKUP(H116,Evalua!$G$2:$H$12,2,0) -> 4 | AA116: =+VLOOKUP(I116,Evalua!$G$2:$H$12,2,0) -> 3
A117: 216 | B117: ATM - MAPASINGUE OESTE | C117: MATRIZ-TEVCOL | D117: NO | E117: ABIERTO | F117: ISLA | G117: Gerardo Pulgarín | H117: Medio (Se inunda la calle) | I117: Alta (Corte inmediato) | J117: =+VLOOKUP(A117,[1]Buscador!$B:$E,4,0) -> Guayaquil | K117: =+VLOOKUP(A117,[1]Buscador!$B:$F,5,0) -> Guayas | L117: NO | O117: Medio (Se inunda la calle)Alta (Corte inmediato) | P117: N1 Crítico | Q117: ATM - MAPASINGUE OESTE | R117: NO | S117: ATM - NATURISSIMO | T117: 216-ATM - MAPASINGUE OESTE | U117: (160-ATM - NATURISSIMO) | V117: -2.157309, -79.930797 | W117: -2.157309 | X117: -79.930797 | Y117: 0 | Z117: =+VLOOKUP(H117,Evalua!$G$2:$H$12,2,0) -> 3 | AA117: =+VLOOKUP(I117,Evalua!$G$2:$H$12,2,0) -> 3
A118: 533 | B118: ATM - MERCADO ARTESANAL 2 | C118: MATRIZ-TEVCOL | D118: NO | E118: ABIERTO | F118: ISLA | G118: Fernando Peralta | H118: Bajo / Seguro | I118: Media (Cortes esporádicos) | J118: =+VLOOKUP(A118,[1]Buscador!$B:$E,4,0) -> Quito | K118: =+VLOOKUP(A118,[1]Buscador!$B:$F,5,0) -> Pichincha | L118: Generador | O118: Bajo / SeguroMedia (Cortes esporádicos) | P118: N3 Moderado | Q118: ATM - MERCADO ARTESANAL 2 | R118: NO | S118: ATM - PAPELESA | T118: 533-ATM - MERCADO ARTESANAL 2 | U118: (368-ATM - PAPELESA) | V118: -0.207321, -78.49514 | W118: -0.207321 | X118: -78.49514 | Y118: 0 | Z118: =+VLOOKUP(H118,Evalua!$G$2:$H$12,2,0) -> 1 | AA118: =+VLOOKUP(I118,Evalua!$G$2:$H$12,2,0) -> 2
A119: 295 | B119: ATM - MERCADO ARTESANAL, CALLE RE | C119: MATRIZ-TEVCOL | D119: NO | E119: ABIERTO | F119: ISLA | G119: Fernando Peralta | H119: Bajo / Seguro | I119: Media (Cortes esporádicos) | J119: =+VLOOKUP(A119,[1]Buscador!$B:$E,4,0) -> Quito | K119: =+VLOOKUP(A119,[1]Buscador!$B:$F,5,0) -> Pichincha | L119: Generador | O119: Bajo / SeguroMedia (Cortes esporádicos) | P119: N3 Moderado | Q119: ATM - MERCADO ARTESANAL, CALLE RE | R119: NO | S119: ATM - PASEO SHOPPING BABAHOYO | T119: 295-ATM - MERCADO ARTESANAL, CALLE RE | U119: (392-ATM - PASEO SHOPPING BABAHOYO) | V119: -0.206939, -78.495166 | W119: -0.206939 | X119: -78.495166 | Y119: 0 | Z119: =+VLOOKUP(H119,Evalua!$G$2:$H$12,2,0) -> 1 | AA119: =+VLOOKUP(I119,Evalua!$G$2:$H$12,2,0) -> 2
A120: 473 | B120: ATM - MI COMISARIATO J.T.M. | C120: MATRIZ-TEVCOL | D120: NO | E120: ABIERTO | F120: ISLA | G120: Gerardo Pulgarín | H120: Bajo / Seguro | I120: Media (Cortes esporádicos) | J120: =+VLOOKUP(A120,[1]Buscador!$B:$E,4,0) -> Guayaquil | K120: =+VLOOKUP(A120,[1]Buscador!$B:$F,5,0) -> Guayas | L120: Generador | O120: Bajo / SeguroMedia (Cortes esporádicos) | P120: N3 Moderado | Q120: ATM - MI COMISARIATO J.T.M. | R120: NO | S120: ATM - PASEO SHOPPING DAULE | T120: 473-ATM - MI COMISARIATO J.T.M. | U120: (446-ATM - PASEO SHOPPING DAULE) | V120: -2.145086745704, -79.912649527439 | W120: -2.1450867 | X120: -79.91265 | Y120: 0 | Z120: =+VLOOKUP(H120,Evalua!$G$2:$H$12,2,0) -> 1 | AA120: =+VLOOKUP(I120,Evalua!$G$2:$H$12,2,0) -> 2
A121: 538 | B121: ATM - MI COMISARIATO LA JOYA | C121: MATRIZ-TEVCOL | D121: NO | E121: ABIERTO | F121: ISLA | G121: Gerardo Pulgarín | H121: Bajo / Seguro | I121: Media (Cortes esporádicos) | J121: =+VLOOKUP(A121,[1]Buscador!$B:$E,4,0) -> La Aurora | K121: =+VLOOKUP(A121,[1]Buscador!$B:$F,5,0) -> Guayas | L121: Generador | O121: Bajo / SeguroMedia (Cortes esporádicos) | P121: N3 Moderado | Q121: ATM - MI COMISARIATO LA JOYA | R121: NO | S121: ATM - PASEO SHOPPING STO. DOMINGO | T121: 538-ATM - MI COMISARIATO LA JOYA | U121: (391-ATM - PASEO SHOPPING STO. DOMINGO) | V121: -2.03485258523185, -79.9155356344261 | W121: -2.0348526 | X121: -79.915536 | Y121: 0 | Z121: =+VLOOKUP(H121,Evalua!$G$2:$H$12,2,0) -> 1 | AA121: =+VLOOKUP(I121,Evalua!$G$2:$H$12,2,0) -> 2
A122: 539 | B122: ATM - MINI PLUS GOMEZ RENDON | C122: MATRIZ-TEVCOL | D122: NO | E122: ABIERTO | F122: ISLA | G122: Gerardo Pulgarín | H122: Medio (Se inunda la calle) | I122: Media (Cortes esporádicos) | J122: =+VLOOKUP(A122,[1]Buscador!$B:$E,4,0) -> Guayaquil | K122: =+VLOOKUP(A122,[1]Buscador!$B:$F,5,0) -> Guayas | L122: NO | O122: Medio (Se inunda la calle)Media (Cortes esporádicos) | P122: N2 Alto | Q122: ATM - MINI PLUS GOMEZ RENDON | R122: NO | S122: ATM - PETROLEOS Y SERVICIOS | T122: 539-ATM - MINI PLUS GOMEZ RENDON | U122: (498-ATM - PETROLEOS Y SERVICIOS) | V122: -2.19992703521746, -79.9026085148514 | W122: -2.199927 | X122: -79.902609 | Y122: 0 | Z122: =+VLOOKUP(H122,Evalua!$G$2:$H$12,2,0) -> 3 | AA122: =+VLOOKUP(I122,Evalua!$G$2:$H$12,2,0) -> 2
A123: 521 | B123: ATM - MODERNA PLAZA | C123: MATRIZ-TEVCOL | D123: NO | E123: ABIERTO | F123: ISLA | G123: Gerardo Pulgarín | H123: Bajo / Seguro | I123: Media (Cortes esporádicos) | J123: =+VLOOKUP(A123,[1]Buscador!$B:$E,4,0) -> Samborondón | K123: =+VLOOKUP(A123,[1]Buscador!$B:$F,5,0) -> Guayas | L123: Generador | O123: Bajo / SeguroMedia (Cortes esporádicos) | P123: N3 Moderado | Q123: ATM - MODERNA PLAZA | R123: NO | S123: ATM - PHARMACY'S CLINICA KENNEDY | T123: 521-ATM - MODERNA PLAZA | U123: (450-ATM - PHARMACY'S CLINICA KENNEDY) | V123: -2.1288782156838, -79.863641467832 | W123: -2.1288782 | X123: -79.863641 | Y123: 0 | Z123: =+VLOOKUP(H123,Evalua!$G$2:$H$12,2,0) -> 1 | AA123: =+VLOOKUP(I123,Evalua!$G$2:$H$12,2,0) -> 2
A124: 499 | B124: ATM - MUCHO LOTE 2 | C124: MATRIZ-TEVCOL | D124: NO | E124: ABIERTO | F124: ISLA | G124: Gerardo Pulgarín | H124: Bajo / Seguro | I124: Media (Cortes esporádicos) | J124: =+VLOOKUP(A124,[1]Buscador!$B:$E,4,0) -> Guayaquil | K124: =+VLOOKUP(A124,[1]Buscador!$B:$F,5,0) -> Guayas | L124: NO | O124: Bajo / SeguroMedia (Cortes esporádicos) | P124: N3 Moderado | Q124: ATM - MUCHO LOTE 2 | R124: NO | S124: ATM - PLANTA PICA | T124: 499-ATM - MUCHO LOTE 2 | U124: (549-ATM - PLANTA PICA) | V124: -2.06849, -79.895125 | W124: -2.06849 | X124: -79.895125 | Y124: 0 | Z124: =+VLOOKUP(H124,Evalua!$G$2:$H$12,2,0) -> 1 | AA124: =+VLOOKUP(I124,Evalua!$G$2:$H$12,2,0) -> 2
A125: 409 | B125: ATM - MUCHO LOTE ETAPA 7 | C125: MATRIZ-TEVCOL | D125: NO | E125: ABIERTO | F125: ISLA | G125: Gerardo Pulgarín | H125: Bajo / Seguro | I125: Media (Cortes esporádicos) | J125: =+VLOOKUP(A125,[1]Buscador!$B:$E,4,0) -> Guayaquil | K125: =+VLOOKUP(A125,[1]Buscador!$B:$F,5,0) -> Guayas | L125: NO | O125: Bajo / SeguroMedia (Cortes esporádicos) | P125: N3 Moderado | Q125: ATM - MUCHO LOTE ETAPA 7 | R125: NO | S125: ATM - PLASTICOS ECUATORIANOS SA | T125: 409-ATM - MUCHO LOTE ETAPA 7 | U125: (507-ATM - PLASTICOS ECUATORIANOS SA) | V125: -2.0911584740818, -79.922668953373 | W125: -2.0911585 | X125: -79.922669 | Y125: 0 | Z125: =+VLOOKUP(H125,Evalua!$G$2:$H$12,2,0) -> 1 | AA125: =+VLOOKUP(I125,Evalua!$G$2:$H$12,2,0) -> 2
A126: 417 | B126: ATM - MULT AUTOB ENTRERIOS | C126: MATRIZ-TEVCOL | D126: NO | E126: ABIERTO | F126: ISLA | G126: Gerardo Pulgarín | H126: Bajo / Seguro | I126: Media (Cortes esporádicos) | J126: =+VLOOKUP(A126,[1]Buscador!$B:$E,4,0) -> Samborondón | K126: =+VLOOKUP(A126,[1]Buscador!$B:$F,5,0) -> Guayas | L126: Generador | O126: Bajo / SeguroMedia (Cortes esporádicos) | P126: N3 Moderado | Q126: ATM - MULT AUTOB ENTRERIOS | R126: NO | S126: ATM - PLAZA CASA LAGUNA | T126: 417-ATM - MULT AUTOB ENTRERIOS | U126: (518-ATM - PLAZA CASA LAGUNA) | V126: -2.1416837492179, -79.86476890903 | W126: -2.1416837 | X126: -79.864769 | Y126: 0 | Z126: =+VLOOKUP(H126,Evalua!$G$2:$H$12,2,0) -> 1 | AA126: =+VLOOKUP(I126,Evalua!$G$2:$H$12,2,0) -> 2
A127: 436 | B127: ATM - MULTIPLAZA AIRES DEL BATAN | C127: MATRIZ-TEVCOL | D127: NO | E127: ABIERTO | F127: ISLA | G127: Gerardo Pulgarín | H127: Bajo / Seguro | I127: Media (Cortes esporádicos) | J127: =+VLOOKUP(A127,[1]Buscador!$B:$E,4,0) -> Samborondón | K127: =+VLOOKUP(A127,[1]Buscador!$B:$F,5,0) -> Guayas | L127: Generador | O127: Bajo / SeguroMedia (Cortes esporádicos) | P127: N3 Moderado | Q127: ATM - MULTIPLAZA AIRES DEL BATAN | R127: NO | S127: ATM - PLAZA COLONIA | T127: 436-ATM - MULTIPLAZA AIRES DEL BATAN | U127: (325-ATM - PLAZA COLONIA) | V127: -2.0724623661049, -79.872272470621 | W127: -2.0724624 | X127: -79.872272 | Y127: 0 | Z127: =+VLOOKUP(H127,Evalua!$G$2:$H$12,2,0) -> 1 | AA127: =+VLOOKUP(I127,Evalua!$G$2:$H$12,2,0) -> 2
... A230: 172 | B230: ATM - OF. AZOGUES | C230: AZOGUES | D230: NO | E230: ABIERTO | F230: OFICINA | G230: Miguel Rojas | H230: Bajo / Seguro | I230: Media (Cortes esporádicos) | J230: =+VLOOKUP(A230,[1]Buscador!$B:$E,4,0) -> Azogues | K230: =+VLOOKUP(A230,[1]Buscador!$B:$F,5,0) -> Cañar | L230: Generador | O230: Bajo / SeguroMedia (Cortes esporádicos) | P230: N3 Moderado | Q230: AZOGUES | R230: NO | S230: CUENCA CENTRO | T230: 172-ATM - OF. AZOGUES | U230: (10-ATM - OF. CENTRO HISTORICO DE CUE) + (A0077-CUENCA CENTRO) | V230: -2.7378502881398, -78.846438442577 | W230: -2.7378503 | X230: -78.846438 | Y230: 0 | Z230: =+VLOOKUP(H230,Evalua!$G$2:$H$12,2,0) -> 1 | AA230: =+VLOOKUP(I230,Evalua!$G$2:$H$12,2,0) -> 2
A231: A0075 | B231: AZOGUES | C231: AZOGUES | D231: NO | E231: ABIERTO | F231: AGENCIA | G231: Miguel Rojas | H231: Bajo / Seguro | I231: Media (Cortes esporádicos) | J231: =+VLOOKUP(A231,[1]Buscador!$B:$E,4,0) -> Azogues | K231: =+VLOOKUP(A231,[1]Buscador!$B:$F,5,0) -> Cañar | L231: Generador | M231: 20 | N231: 6.8 | O231: Bajo / SeguroMedia (Cortes esporádicos) | P231: N3 Moderado | Q231: AZOGUES | R231: NO | S231: DIPOR AMAGUAÑA | T231: A0075-AZOGUES | U231: (A0097-DIPOR AMAGUAÑA) | V231: -2.7378502881398, -78.846438442577 | W231: -2.7378503 | X231: -78.846438 | Y231: 0 | Z231: =+VLOOKUP(H231,Evalua!$G$2:$H$12,2,0) -> 1 | AA231: =+VLOOKUP(I231,Evalua!$G$2:$H$12,2,0) -> 2
A232: 77 | B232: ATM - OF. BABAHOYO | C232: BABAHOYO | D232: NO | E232: ABIERTO | F232: OFICINA | G232: Fabián Burgos | H232: Medio (Se inunda la calle) | I232: Alta (Corte inmediato) | J232: =+VLOOKUP(A232,[1]Buscador!$B:$E,4,0) -> Babahoyo | K232: =+VLOOKUP(A232,[1]Buscador!$B:$F,5,0) -> Los Ríos | L232: Generador | O232: Medio (Se inunda la calle)Alta (Corte inmediato) | P232: N1 Crítico | Q232: BABAHOYO | R232: NO | S232: DOMINGO COMIN | T232: 77-ATM - OF. BABAHOYO | U232: (33-ATM - OF. DOMINGO COMIN) + (A0053-DOMINGO COMIN) | V232: -1.8004036332543, -79.535966546678 | W232: -1.8004036 | X232: -79.535967 | Y232: 0 | Z232: =+VLOOKUP(H232,Evalua!$G$2:$H$12,2,0) -> 3 | AA232: =+VLOOKUP(I232,Evalua!$G$2:$H$12,2,0) -> 3
A233: A0004 | B233: BABAHOYO | C233: BABAHOYO | D233: NO | E233: ABIERTO | F233: AGENCIA | G233: Fabián Burgos | H233: Medio (Se inunda la calle) | I233: Alta (Corte inmediato) | J233: =+VLOOKUP(A233,[1]Buscador!$B:$E,4,0) -> Babahoyo | K233: =+VLOOKUP(A233,[1]Buscador!$B:$F,5,0) -> Los Ríos | L233: Generador | M233: 30 | N233: 12.75 | O233: Medio (Se inunda la calle)Alta (Corte inmediato) | P233: N1 Crítico | Q233: BABAHOYO | R233: NO | S233: EL CARMEN | T233: A0004-BABAHOYO | U233: (105-ATM - OF. EL CARMEN) + (385-ATM - OF. EL CARMEN 2) + (A0007-EL CARMEN) | V233: -1.8004036332543, -79.535966546678 | W233: -1.8004036 | X233: -79.535967 | Y233: 0 | Z233: =+VLOOKUP(H233,Evalua!$G$2:$H$12,2,0) -> 3 | AA233: =+VLOOKUP(I233,Evalua!$G$2:$H$12,2,0) -> 3
A234: 42 | B234: ATM - OF. BUENA FE | C234: BUENA FE | D234: NO | E234: ABIERTO | F234: OFICINA | G234: Fabián Burgos | H234: Bajo / Seguro | I234: Alta (Corte inmediato) | J234: =+VLOOKUP(A234,[1]Buscador!$B:$E,4,0) -> San Jacinto de Buena Fe | K234: =+VLOOKUP(A234,[1]Buscador!$B:$F,5,0) -> Los Ríos | L234: Generador | O234: Bajo / SeguroAlta (Corte inmediato) | P234: N2 Alto | Q234: BUENA FE | R234: NO | S234: EL DORADO | T234: 42-ATM - OF. BUENA FE | U234: (426-ATM - C.C. EL DORADO OF.) + (A0008-EL DORADO) | V234: -0.89612508624406, -79.490255462025 | W234: -0.89612509 | X234: -79.490255 | Y234: 0 | Z234: =+VLOOKUP(H234,Evalua!$G$2:$H$12,2,0) -> 1 | AA234: =+VLOOKUP(I234,Evalua!$G$2:$H$12,2,0) -> 3
A235: A0005 | B235: BUENA FE | C235: BUENA FE | D235: NO | E235: ABIERTO | F235: AGENCIA | G235: Fabián Burgos | H235: Bajo / Seguro | I235: Alta (Corte inmediato) | J235: =+VLOOKUP(A235,[1]Buscador!$B:$E,4,0) -> San Jacinto de Buena Fe | K235: =+VLOOKUP(A235,[1]Buscador!$B:$F,5,0) -> Los Ríos | L235: Generador | M235: 50 | N235: 17 | O235: Bajo / SeguroAlta (Corte inmediato) | P235: N2 Alto | Q235: BUENA FE | R235: NO | S235: EL EMPALME | T235: A0005-BUENA FE | U235: (40-ATM - OF. EL EMPALME) + (356-ATM - OF EL EMPALME 2) + (A0009-EL EMPALME) | V235: -0.89612508624406, -79.490255462025 | W235: -0.89612509 | X235: -79.490255 | Y235: 0 | Z235: =+VLOOKUP(H235,Evalua!$G$2:$H$12,2,0) -> 1 | AA235: =+VLOOKUP(I235,Evalua!$G$2:$H$12,2,0) -> 3
A236: 55 | B236: ATM - UNIV. CATÓLICA DE GYE | C236: 9 DE OCTUBRE | D236: NO | E236: ABIERTO | F236: OFICINA | G236: Gerardo Pulgarín | H236: Bajo / Seguro | I236: Media (Cortes esporádicos) | J236: =+VLOOKUP(A236,[1]Buscador!$B:$E,4,0) -> Guayaquil | K236: =+VLOOKUP(A236,[1]Buscador!$B:$F,5,0) -> Guayas | L236: NO | O236: Bajo / SeguroMedia (Cortes esporádicos) | P236: N3 Moderado | Q236: CATOLICA | R236: NO | S236: HIPERMARKET NORTE | T236: 55-ATM - UNIV. CATÓLICA DE GYE | U236: (96-ATM - HYPERMARKET NORTE GYE. OF.) + (A0055-HIPERMARKET NORTE) | V236: -2.182177307418713, -79.90253473254785 | W236: -2.1821773 | X236: -79.902535 | Y236: 0 | Z236: =+VLOOKUP(H236,Evalua!$G$2:$H$12,2,0) -> 1 | AA236: =+VLOOKUP(I236,Evalua!$G$2:$H$12,2,0) -> 2
A237: A0105 | B237: CATOLICA | C237: CATOLICA | D237: NO | E237: ABIERTO | F237: VENTANILLA DE EXTENSION | G237: Gerardo Pulgarín | H237: Bajo / Seguro | I237: Media (Cortes esporádicos) | J237: =+VLOOKUP(A237,[1]Buscador!$B:$E,4,0) -> Guayaquil | K237: =+VLOOKUP(A237,[1]Buscador!$B:$F,5,0) -> Guayas | L237: NO | O237: Bajo / SeguroMedia (Cortes esporádicos) | P237: N3 Moderado | Q237: CATOLICA | R237: NO | S237: HIPERMARKET QUEVEDO | T237: A0105-CATOLICA | U237: (296-ATM - C.C. PASEO SHOPPING QUEVEDO) + (A0056-HIPERMARKET QUEVEDO) | V237: -2.182177307418713, -79.90253473254785 | W237: -2.1821773 | X237: -79.902535 | Y237: 0 | Z237: =+VLOOKUP(H237,Evalua!$G$2:$H$12,2,0) -> 1 | AA237: =+VLOOKUP(I237,Evalua!$G$2:$H$12,2,0) -> 2
A238: 339 | B238: ATM - CC SAN FRANCISCO II | C238: CC PASEO SAN FRANCISCO | D238: NO | E238: ABIERTO | F238: OFICINA | G238: Fernando Peralta | H238: Bajo / Seguro | I238: Media (Cortes esporádicos) | J238: =+VLOOKUP(A238,[1]Buscador!$B:$E,4,0) -> Cumbaya | K238: =+VLOOKUP(A238,[1]Buscador!$B:$F,5,0) -> Pichincha | L238: Generador | O238: Bajo / SeguroMedia (Cortes esporádicos) | P238: N3 Moderado | Q238: CC PASEO SAN FRANCISCO | R238: NO | S238: HIPERMARKET VERGELES | T238: 339-ATM - CC SAN FRANCISCO II | U238: (322-ATM - HYPERMARKET LOS VERGELES) + (A0054-HIPERMARKET VERGELES) | V238: -0.198908, -78.436092 | W238: -0.198908 | X238: -78.436092 | Y238: 0 | Z238: =+VLOOKUP(H238,Evalua!$G$2:$H$12,2,0) -> 1 | AA238: =+VLOOKUP(I238,Evalua!$G$2:$H$12,2,0) -> 2
A239: A0087 | B239: CC PASEO SAN FRANCISCO | C239: CC PASEO SAN FRANCISCO | D239: NO | E239: ABIERTO | F239: AGENCIA | G239: Fernando Peralta | H239: Bajo / Seguro | I239: Media (Cortes esporádicos) | J239: =+VLOOKUP(A239,[1]Buscador!$B:$E,4,0) -> Cumbaya | K239: =+VLOOKUP(A239,[1]Buscador!$B:$F,5,0) -> Pichincha | L239: Generador | O239: Bajo / SeguroMedia (Cortes esporádicos) | P239: N3 Moderado | Q239: CC PASEO SAN FRANCISCO | R239: NO | S239: HOSPITAL ALFREDO G. PAULSON | T239: A0087-CC PASEO SAN FRANCISCO | U239: (413-ATM - MATERNIDAD A. PAULSON) + (A0044-HOSPITAL ALFREDO G. PAULSON) | V239: -0.198908, -78.436092 | W239: -0.198908 | X239: -78.436092 | Y239: 0 | Z239: =+VLOOKUP(H239,Evalua!$G$2:$H$12,2,0) -> 1 | AA239: =+VLOOKUP(I239,Evalua!$G$2:$H$12,2,0) -> 2
A240: 333 | B240: ATM - C.C. SAN EDUARDO SHOPPING | C240: CC SAN EDUARDO SHOPPING | D240: NO | E240: ABIERTO | F240: OFICINA | G240: Gerardo Pulgarín | H240: Bajo / Seguro | I240: Media (Cortes esporádicos) | J240: =+VLOOKUP(A240,[1]Buscador!$B:$E,4,0) -> Guayaquil | K240: =+VLOOKUP(A240,[1]Buscador!$B:$F,5,0) -> Guayas | L240: NO | O240: Bajo / SeguroMedia (Cortes esporádicos) | P240: N3 Moderado | Q240: CC SAN EDUARDO SHOPPING | R240: NO | S240: HOSPITAL ROBERTO GILBERT | T240: 333-ATM - C.C. SAN EDUARDO SHOPPING | U240: (22-ATM - HOSP. ROBERTO GILBERT OF) + (A0058-HOSPITAL ROBERTO GILBERT) | V240: -2.19020536674, -79.94269474107 | W240: -2.1902054 | X240: -79.942695 | Y240: 0 | Z240: =+VLOOKUP(H240,Evalua!$G$2:$H$12,2,0) -> 1 | AA240: =+VLOOKUP(I240,Evalua!$G$2:$H$12,2,0) -> 2
A241: A0030 | B241: CC SAN EDUARDO SHOPPING | C241: CC SAN EDUARDO SHOPPING | D241: NO | E241: ABIERTO | F241: AGENCIA | G241: Gerardo Pulgarín | H241: Bajo / Seguro | I241: Media (Cortes esporádicos) | J241: =+VLOOKUP(A241,[1]Buscador!$B:$E,4,0) -> Guayaquil | K241: =+VLOOKUP(A241,[1]Buscador!$B:$F,5,0) -> Guayas | L241: Generador | O241: Bajo / SeguroMedia (Cortes esporádicos) | P241: N3 Moderado | Q241: CC SAN EDUARDO SHOPPING | R241: NO | S241: LA CONCORDIA | T241: A0030-CC SAN EDUARDO SHOPPING | U241: (154-ATM - OF. LA CONCORDIA) + (A0010-LA CONCORDIA) | V241: -2.19020536674, -79.94269474107 | W241: -2.1902054 | X241: -79.942695 | Y241: 0 | Z241: =+VLOOKUP(H241,Evalua!$G$2:$H$12,2,0) -> 1 | AA241: =+VLOOKUP(I241,Evalua!$G$2:$H$12,2,0) -> 2
A242: 9 | B242: ATM - OF. CENTENARIO | C242: CENTENARIO | D242: NO | E242: ABIERTO | F242: OFICINA | G242: Gerardo Pulgarín | H242: Bajo / Seguro | I242: Media (Cortes esporádicos) | J242: =+VLOOKUP(A242,[1]Buscador!$B:$E,4,0) -> Guayaquil | K242: =+VLOOKUP(A242,[1]Buscador!$B:$F,5,0) -> Guayas | L242: NO | O242: Bajo / SeguroMedia (Cortes esporádicos) | P242: N3 Moderado | Q242: CENTENARIO | R242: NO | S242: LA LIBERTAD | T242: 9-ATM - OF. CENTENARIO | U242: (54-ATM - OF. LIBERTAD) + (369-ATM - OF. LIBERTAD 2) + (A0011-LA LIBERTAD) | V242: -2.2151156802047, -79.889049472387 | W242: -2.2151157 | X242: -79.889049 | Y242: 0 | Z242: =+VLOOKUP(H242,Evalua!$G$2:$H$12,2,0) -> 1 | AA242: =+VLOOKUP(I242,Evalua!$G$2:$H$12,2,0) -> 2
A243: 219 | B243: ATM - OF. CENTENARIO 2 | C243: CENTENARIO | D243: NO | E243: ABIERTO | F243: OFICINA | G243: Gerardo Pulgarín | H243: Bajo / Seguro | I243: Media (Cortes esporádicos) | J243: =+VLOOKUP(A243,[1]Buscador!$B:$E,4,0) -> Guayaquil | K243: =+VLOOKUP(A243,[1]Buscador!$B:$F,5,0) -> Guayas | L243: NO | O243: Bajo / SeguroMedia (Cortes esporádicos) | P243: N3 Moderado | Q243: CENTENARIO | R243: NO | S243: LA TRONCAL | T243: 219-ATM - OF. CENTENARIO 2 | U243: (60-ATM - OF. LA TRONCAL) + (387-ATM - OF. LA TRONCAL 2) + (A0012-LA TRONCAL) | V243: -2.2151156802047, -79.889049472387 | W243: -2.2151157 | X243: -79.889049 | Y243: 0 | Z243: =+VLOOKUP(H243,Evalua!$G$2:$H$12,2,0) -> 1 | AA243: =+VLOOKUP(I243,Evalua!$G$2:$H$12,2,0) -> 2
A244: A0006 | B244: CENTENARIO | C244: CENTENARIO | D244: NO | E244: ABIERTO | F244: AGENCIA | G244: Gerardo Pulgarín | H244: Bajo / Seguro | I244: Media (Cortes esporádicos) | J244: =+VLOOKUP(A244,[1]Buscador!$B:$E,4,0) -> Guayaquil | K244: =+VLOOKUP(A244,[1]Buscador!$B:$F,5,0) -> Guayas | L244: NO | O244: Bajo / SeguroMedia (Cortes esporádicos) | P244: N3 Moderado | Q244: CENTENARIO | R244: NO | S244: LAS MONJAS | T244: A0006-CENTENARIO | U244: (97-ATM - OF. LAS MONJAS) + (A0013-LAS MONJAS) | V244: -2.2151156802047, -79.889049472387 | W244: -2.2151157 | X244: -79.889049 | Y244: 0 | Z244: =+VLOOKUP(H244,Evalua!$G$2:$H$12,2,0) -> 1 | AA244: =+VLOOKUP(I244,Evalua!$G$2:$H$12,2,0) -> 2
A245: 44 | B245: ATM - OF. MATRIZ ANEXO 1 | C245: MATRIZ | D245: NO | E245: ABIERTO | F245: OFICINA | G245: Gerardo Pulgarín | H245: Bajo / Seguro | I245: Media (Cortes esporádicos) | J245: =+VLOOKUP(A245,[1]Buscador!$B:$E,4,0) -> Guayaquil | K245: =+VLOOKUP(A245,[1]Buscador!$B:$F,5,0) -> Guayas | L245: Generador | O245: Bajo / SeguroMedia (Cortes esporádicos) | P245: N3 Moderado | Q245: CENTRO DE ATENCION | R245: NO | S245: LOJA | T245: 44-ATM - OF. MATRIZ ANEXO 1 | U245: (62-ATM - OF. LOJA) + (A0079-LOJA) | V245: -2.1901574203831116, -79.87989160148149 | W245: -2.1901574 | X245: -79.879892 | Y245: 0 | Z245: =+VLOOKUP(H245,Evalua!$G$2:$H$12,2,0) -> 1 | AA245: =+VLOOKUP(I245,Evalua!$G$2:$H$12,2,0) -> 2
A246: 45 | B246: ATM - OF. MATRIZ ANEXO 2 | C246: MATRIZ | D246: NO | E246: ABIERTO | F246: OFICINA | G246: Gerardo Pulgarín | H246: Bajo / Seguro | I246: Media (Cortes esporádicos) | J246: =+VLOOKUP(A246,[1]Buscador!$B:$E,4,0) -> Guayaquil | K246: =+VLOOKUP(A246,[1]Buscador!$B:$F,5,0) -> Guayas | L246: Generador | O246: Bajo / SeguroMedia (Cortes esporádicos) | P246: N3 Moderado | Q246: CENTRO DE ATENCION | R246: NO | S246: LOS CEIBOS | T246: 45-ATM - OF. MATRIZ ANEXO 2 | U246: (414-ATM - LOS CEIBOS OF.) + (A0014-LOS CEIBOS) | V246: -2.1901574203831116, -79.87989160148149 | W246: -2.1901574 | X246: -79.879892 | Y246: 0 | Z246: =+VLOOKUP(H246,Evalua!$G$2:$H$12,2,0) -> 1 | AA246: =+VLOOKUP(I246,Evalua!$G$2:$H$12,2,0) -> 2
A247: 214 | B247: ATM - OF. MATRIZ ANEXO 3 | C247: MATRIZ | D247: NO | E247: ABIERTO | F247: OFICINA | G247: Gerardo Pulgarín | H247: Bajo / Seguro | I247: Media (Cortes esporádicos) | J247: =+VLOOKUP(A247,[1]Buscador!$B:$E,4,0) -> Guayaquil | K247: =+VLOOKUP(A247,[1]Buscador!$B:$F,5,0) -> Guayas | L247: Generador | O247: Bajo / SeguroMedia (Cortes esporádicos) | P247: N3 Moderado | Q247: CENTRO DE ATENCION | R247: NO | S247: LOTERIA MANTA | T247: 214-ATM - OF. MATRIZ ANEXO 3 | U247: (A0042-LOTERIA MANTA) | V247: -2.1901574203831116, -79.87989160148149 | W247: -2.1901574 | X247: -79.879892 | Y247: 0 | Z247: =+VLOOKUP(H247,Evalua!$G$2:$H$12,2,0) -> 1 | AA247: =+VLOOKUP(I247,Evalua!$G$2:$H$12,2,0) -> 2
... A256: 43 | B256: ATM - OF. SUC. CUENCA | C256: CUENCA | D256: NO | E256: ABIERTO | F256: OFICINA | G256: Miguel Rojas | H256: Bajo / Seguro | I256: Media (Cortes esporádicos) | J256: =+VLOOKUP(A256,[1]Buscador!$B:$E,4,0) -> Cuenca | K256: =+VLOOKUP(A256,[1]Buscador!$B:$F,5,0) -> Azuay | L256: Generador | O256: Bajo / SeguroMedia (Cortes esporádicos) | P256: N3 Moderado | Q256: CUENCA | R256: NO | S256: MANTA | T256: 43-ATM - OF. SUC. CUENCA | U256: (28-ATM - OF. MANTA) + (A0019-MANTA) | V256: -2.905424, -79.003303 | W256: -2.905424 | X256: -79.003303 | Y256: 0 | Z256: =+VLOOKUP(H256,Evalua!$G$2:$H$12,2,0) -> 1 | AA256: =+VLOOKUP(I256,Evalua!$G$2:$H$12,2,0) -> 2
A257: A0088 | B257: CUENCA | C257: CUENCA | D257: NO | E257: ABIERTO | F257: SUCURSAL | G257: Miguel Rojas | H257: Bajo / Seguro | I257: Media (Cortes esporádicos) | J257: =+VLOOKUP(A257,[1]Buscador!$B:$E,4,0) -> Cuenca | K257: =+VLOOKUP(A257,[1]Buscador!$B:$F,5,0) -> Azuay | L257: Generador | M257: 50 | N257: 21.25 | O257: Bajo / SeguroMedia (Cortes esporádicos) | P257: N3 Moderado | Q257: CUENCA | R257: NO | S257: MARCELINO MARIDUEÑA | T257: A0088-CUENCA | U257: (67-ATM - OF. MARCELINO MARIDUEÑA PAP) + (A0060-MARCELINO MARIDUEÑA) | V257: -2.905424, -79.003303 | W257: -2.905424 | X257: -79.003303 | Y257: 0 | Z257: =+VLOOKUP(H257,Evalua!$G$2:$H$12,2,0) -> 1 | AA257: =+VLOOKUP(I257,Evalua!$G$2:$H$12,2,0) -> 2
A258: 10 | B258: ATM - OF. CENTRO HISTORICO DE CUE | C258: CUENCA CENTRO | D258: NO | E258: ABIERTO | F258: OFICINA | G258: Miguel Rojas | H258: Bajo / Seguro | I258: Media (Cortes esporádicos) | J258: =+VLOOKUP(A258,[1]Buscador!$B:$E,4,0) -> Cuenca | K258: =+VLOOKUP(A258,[1]Buscador!$B:$F,5,0) -> Azuay | L258: Generador | O258: Bajo / SeguroMedia (Cortes esporádicos) | P258: N3 Moderado | Q258: CUENCA CENTRO | R258: NO | S258: MATRIZ | T258: 10-ATM - OF. CENTRO HISTORICO DE CUE | U258: (508-ATM - OF. MATRIZ LOBBY 2) + (519-ATM - OF. MATRIZ LOBBY RE) + (A0020-MATRIZ) | V258: -2.8980204687422, -79.002912303961 | W258: -2.8980205 | X258: -79.002912 | Y258: 0 | Z258: =+VLOOKUP(H258,Evalua!$G$2:$H$12,2,0) -> 1 | AA258: =+VLOOKUP(I258,Evalua!$G$2:$H$12,2,0) -> 2
A259: A0077 | B259: CUENCA CENTRO | C259: CUENCA CENTRO | D259: NO | E259: ABIERTO | F259: AGENCIA | G259: Miguel Rojas | H259: Bajo / Seguro | I259: Media (Cortes esporádicos) | J259: =+VLOOKUP(A259,[1]Buscador!$B:$E,4,0) -> Cuenca | K259: =+VLOOKUP(A259,[1]Buscador!$B:$F,5,0) -> Azuay | L259: Generador | M259: 50 | N259: 17 | O259: Bajo / SeguroMedia (Cortes esporádicos) | P259: N3 Moderado | Q259: CUENCA CENTRO | R259: NO | S259: MERCADO CENTRAL | T259: A0077-CUENCA CENTRO | U259: (15-ATM - OF. MERCADO CENTRAL) + (A0021-MERCADO CENTRAL) | V259: -2.8980204687422, -79.002912303961 | W259: -2.8980205 | X259: -79.002912 | Y259: 0 | Z259: =+VLOOKUP(H259,Evalua!$G$2:$H$12,2,0) -> 1 | AA259: =+VLOOKUP(I259,Evalua!$G$2:$H$12,2,0) -> 2
A260: A0097 | B260: DIPOR AMAGUAÑA | C260: DIPOR AMAGUAÑA | D260: NO | E260: ABIERTO | F260: VENTANILLA DE EMPRESA | G260: Fernando Peralta | H260: Bajo / Seguro | I260: Media (Cortes esporádicos) | J260: =+VLOOKUP(A260,[1]Buscador!$B:$E,4,0) -> Sangolquí | K260: =+VLOOKUP(A260,[1]Buscador!$B:$F,5,0) -> Pichincha | L260: Generador | O260: Bajo / SeguroMedia (Cortes esporádicos) | P260: N3 Moderado | Q260: DIPOR AMAGUAÑA | R260: NO | S260: MILAGRO | T260: A0097-DIPOR AMAGUAÑA | U260: (63-ATM - OF. MILAGRO) + (360-ATM - OF. MILAGRO 2) + (A0022-MILAGRO) | V260: -0.34977342693034, -78.458460733189 | W260: -0.34977343 | X260: -78.458461 | Y260: 0 | Z260: =+VLOOKUP(H260,Evalua!$G$2:$H$12,2,0) -> 1 | AA260: =+VLOOKUP(I260,Evalua!$G$2:$H$12,2,0) -> 2
A261: 33 | B261: ATM - OF. DOMINGO COMIN | C261: DOMINGO COMIN | D261: NO | E261: ABIERTO | F261: OFICINA | G261: Gerardo Pulgarín | H261: Medio (Filtracion superficial) | I261: Media (Cortes esporádicos) | J261: =+VLOOKUP(A261,[1]Buscador!$B:$E,4,0) -> Guayaquil | K261: =+VLOOKUP(A261,[1]Buscador!$B:$F,5,0) -> Guayas | L261: Generador | O261: Medio (Filtracion superficial)Media (Cortes esporádicos) | P261: N3 Moderado | Q261: DOMINGO COMIN | R261: NO | S261: MONTAÑITA | T261: 33-ATM - OF. DOMINGO COMIN | U261: (A0061-MONTAÑITA) | V261: -2.226104, -79.889969 | W261: -2.226104 | X261: -79.889969 | Y261: 0 | Z261: =+VLOOKUP(H261,Evalua!$G$2:$H$12,2,0) -> 2 | AA261: =+VLOOKUP(I261,Evalua!$G$2:$H$12,2,0) -> 2
A262: A0053 | B262: DOMINGO COMIN | C262: DOMINGO COMIN | D262: NO | E262: ABIERTO | F262: VENTANILLA DE EXTENSION | G262: Gerardo Pulgarín | H262: Medio (Filtracion superficial) | I262: Media (Cortes esporádicos) | J262: =+VLOOKUP(A262,[1]Buscador!$B:$E,4,0) -> Guayaquil | K262: =+VLOOKUP(A262,[1]Buscador!$B:$F,5,0) -> Guayas | L262: Generador | M262: 10 | N262: 4.7222222 | O262: Medio (Filtracion superficial)Media (Cortes esporádicos) | P262: N3 Moderado | Q262: DOMINGO COMIN | R262: NO | S262: PARQUE INDUSTRIAL CALIFORNIA | T262: A0053-DOMINGO COMIN | U262: (16-ATM - C.C. CALIFORNIA 1 OF.) + (110-ATM - C.C. CALIFORNIA 2 OF.) + (A0024-PARQUE INDUSTRIAL CALIFORNIA) | V262: -2.226104, -79.889969 | W262: -2.226104 | X262: -79.889969 | Y262: 0 | Z262: =+VLOOKUP(H262,Evalua!$G$2:$H$12,2,0) -> 2 | AA262: =+VLOOKUP(I262,Evalua!$G$2:$H$12,2,0) -> 2
A263: 105 | B263: ATM - OF. EL CARMEN | C263: EL CARMEN | D263: NO | E263: ABIERTO | F263: OFICINA | G263: Carlos Morán | H263: Bajo / Seguro | I263: Baja (Línea prioritaria) | J263: =+VLOOKUP(A263,[1]Buscador!$B:$E,4,0) -> El Carmen | K263: =+VLOOKUP(A263,[1]Buscador!$B:$F,5,0) -> Manabí | L263: Generador | O263: Bajo / SeguroBaja (Línea prioritaria) | P263: N4 Bajo | Q263: EL CARMEN | R263: NO | S263: PASEO SHOPPING AMBATO | T263: 105-ATM - OF. EL CARMEN | U263: (134-ATM - PASEO SHOPPING AMBATO) + (A0099-PASEO SHOPPING AMBATO) | V263: -0.27234110224082, -79.462855468174 | W263: -0.2723411 | X263: -79.462855 | Y263: 0 | Z263: =+VLOOKUP(H263,Evalua!$G$2:$H$12,2,0) -> 1 | AA263: =+VLOOKUP(I263,Evalua!$G$2:$H$12,2,0) -> 1
A264: 385 | B264: ATM - OF. EL CARMEN 2 | C264: EL CARMEN | D264: NO | E264: ABIERTO | F264: OFICINA | G264: Carlos Morán | H264: Bajo / Seguro | I264: Baja (Línea prioritaria) | J264: =+VLOOKUP(A264,[1]Buscador!$B:$E,4,0) -> El Carmen | K264: =+VLOOKUP(A264,[1]Buscador!$B:$F,5,0) -> Manabí | L264: Generador | O264: Bajo / SeguroBaja (Línea prioritaria) | P264: N4 Bajo | Q264: EL CARMEN | R264: NO | S264: PASEO SHOPPING DURAN | T264: 385-ATM - OF. EL CARMEN 2 | U264: (203-ATM - SHOPPING DURAN) + (525-ATM - SHOPPING DURAN RE) + (A0025-PASEO SHOPPING DURAN) | V264: -0.27234110224082, -79.462855468174 | W264: -0.2723411 | X264: -79.462855 | Y264: 0 | Z264: =+VLOOKUP(H264,Evalua!$G$2:$H$12,2,0) -> 1 | AA264: =+VLOOKUP(I264,Evalua!$G$2:$H$12,2,0) -> 1
A265: A0007 | B265: EL CARMEN | C265: EL CARMEN | D265: NO | E265: ABIERTO | F265: AGENCIA | G265: Carlos Morán | H265: Bajo / Seguro | I265: Baja (Línea prioritaria) | J265: =+VLOOKUP(A265,[1]Buscador!$B:$E,4,0) -> El Carmen | K265: =+VLOOKUP(A265,[1]Buscador!$B:$F,5,0) -> Manabí | L265: Baterias | M265: 0 | N265: 4 | O265: Bajo / SeguroBaja (Línea prioritaria) | P265: N4 Bajo | Q265: EL CARMEN | R265: NO | S265: PASEO SHOPPING PLAYAS | T265: A0007-EL CARMEN | U265: (349-ATM - SHOPPING PLAYAS) + (A0062-PASEO SHOPPING PLAYAS) | V265: -0.27234110224082, -79.462855468174 | W265: -0.2723411 | X265: -79.462855 | Y265: 0 | Z265: =+VLOOKUP(H265,Evalua!$G$2:$H$12,2,0) -> 1 | AA265: =+VLOOKUP(I265,Evalua!$G$2:$H$12,2,0) -> 1
A266: 426 | B266: ATM - C.C. EL DORADO OF. | C266: EL DORADO | D266: NO | E266: ABIERTO | F266: OFICINA | G266: Gerardo Pulgarín | H266: Bajo / Seguro | I266: Media (Cortes esporádicos) | J266: =+VLOOKUP(A266,[1]Buscador!$B:$E,4,0) -> La Aurora | K266: =+VLOOKUP(A266,[1]Buscador!$B:$F,5,0) -> Guayas | L266: Generador | O266: Bajo / SeguroMedia (Cortes esporádicos) | P266: N3 Moderado | Q266: EL DORADO | R266: NO | S266: POLICENTRO | T266: 426-ATM - C.C. EL DORADO OF. | U266: (57-ATM - C.C. POLICENTRO 1 OF.) + (107-ATM - C.C. POLICENTRO 2 OF.) + (A0026-POLICENTRO) | V266: -2.0552497307291, -79.875205655434 | W266: -2.0552497 | X266: -79.875206 | Y266: 0 | Z266: =+VLOOKUP(H266,Evalua!$G$2:$H$12,2,0) -> 1 | AA266: =+VLOOKUP(I266,Evalua!$G$2:$H$12,2,0) -> 2
A267: A0008 | B267: EL DORADO | C267: EL DORADO | D267: NO | E267: ABIERTO | F267: AGENCIA | G267: Gerardo Pulgarín | H267: Bajo / Seguro | I267: Media (Cortes esporádicos) | J267: =+VLOOKUP(A267,[1]Buscador!$B:$E,4,0) -> La Aurora | K267: =+VLOOKUP(A267,[1]Buscador!$B:$F,5,0) -> Guayas | L267: Generador | M267: 25 | N267: 5.3125 | O267: Bajo / SeguroMedia (Cortes esporádicos) | P267: N3 Moderado | Q267: EL DORADO | R267: NO | S267: PORTAL SHOPPING | T267: A0008-EL DORADO | U267: (463-ATM - C.C PORTAL SHOPPING CARAPUNGO) + (A0098-PORTAL SHOPPING) | V267: -2.0552497307291, -79.875205655434 | W267: -2.0552497 | X267: -79.875206 | Y267: 0 | Z267: =+VLOOKUP(H267,Evalua!$G$2:$H$12,2,0) -> 1 | AA267: =+VLOOKUP(I267,Evalua!$G$2:$H$12,2,0) -> 2
A268: 40 | B268: ATM - OF. EL EMPALME | C268: EL EMPALME | D268: NO | E268: ABIERTO | F268: OFICINA | G268: Fabián Burgos | H268: Bajo / Seguro | I268: Alta (Corte inmediato) | J268: =+VLOOKUP(A268,[1]Buscador!$B:$E,4,0) -> El Empalme | K268: =+VLOOKUP(A268,[1]Buscador!$B:$F,5,0) -> Guayas | L268: Generador | O268: Bajo / SeguroAlta (Corte inmediato) | P268: N2 Alto | Q268: EL EMPALME | R268: NO | S268: PORTOVIEJO | T268: 40-ATM - OF. EL EMPALME | U268: (34-ATM - OF. PORTOVIEJO) + (A0027-PORTOVIEJO) | V268: -1.0423740464626, -79.637542364418 | W268: -1.042374 | X268: -79.637542 | Y268: 0 | Z268: =+VLOOKUP(H268,Evalua!$G$2:$H$12,2,0) -> 1 | AA268: =+VLOOKUP(I268,Evalua!$G$2:$H$12,2,0) -> 3
A269: 356 | B269: ATM - OF EL EMPALME 2 | C269: EL EMPALME | D269: NO | E269: ABIERTO | F269: OFICINA | G269: Fabián Burgos | H269: Bajo / Seguro | I269: Alta (Corte inmediato) | J269: =+VLOOKUP(A269,[1]Buscador!$B:$E,4,0) -> El Empalme | K269: =+VLOOKUP(A269,[1]Buscador!$B:$F,5,0) -> Guayas | L269: Generador | O269: Bajo / SeguroAlta (Corte inmediato) | P269: N2 Alto | Q269: EL EMPALME | R269: NO | S269: PORTUGAL | T269: 356-ATM - OF EL EMPALME 2 | U269: (423-ATM - QUITO PORTUGAL OF.) + (A0083-PORTUGAL) | V269: -1.0423740464626, -79.637542364418 | W269: -1.042374 | X269: -79.637542 | Y269: 0 | Z269: =+VLOOKUP(H269,Evalua!$G$2:$H$12,2,0) -> 1 | AA269: =+VLOOKUP(I269,Evalua!$G$2:$H$12,2,0) -> 3
A270: A0009 | B270: EL EMPALME | C270: EL EMPALME | D270: NO | E270: ABIERTO | F270: AGENCIA | G270: Fabián Burgos | H270: Bajo / Seguro | I270: Alta (Corte inmediato) | J270: =+VLOOKUP(A270,[1]Buscador!$B:$E,4,0) -> El Empalme | K270: =+VLOOKUP(A270,[1]Buscador!$B:$F,5,0) -> Guayas | L270: Generador | M270: 20 | N270: 6.8 | O270: Bajo / SeguroAlta (Corte inmediato) | P270: N2 Alto | Q270: EL EMPALME | R270: NO | S270: PRIMAX ENTRERIOS | T270: A0009-EL EMPALME | U270: (A0063-PRIMAX ENTRERIOS) | V270: -1.0423740464626, -79.637542364418 | W270: -1.042374 | X270: -79.637542 | Y270: 0 | Z270: =+VLOOKUP(H270,Evalua!$G$2:$H$12,2,0) -> 1 | AA270: =+VLOOKUP(I270,Evalua!$G$2:$H$12,2,0) -> 3
A271: 96 | B271: ATM - HYPERMARKET NORTE GYE. OF. | C271: ALBORADA NORTE | D271: NO | E271: ABIERTO | F271: OFICINA | G271: Gerardo Pulgarín | H271: Bajo / Seguro | I271: Media (Cortes esporádicos) | J271: =+VLOOKUP(A271,[1]Buscador!$B:$E,4,0) -> Guayaquil | K271: =+VLOOKUP(A271,[1]Buscador!$B:$F,5,0) -> Guayas | L271: Generador | O271: Bajo / SeguroMedia (Cortes esporádicos) | P271: N3 Moderado | Q271: HIPERMARKET NORTE | R271: NO | S271: PUERTO MARITIMO | T271: 96-ATM - HYPERMARKET NORTE GYE. OF. | U271: (195-ATM - PUERTO MARITIMO) + (A0064-PUERTO MARITIMO) | V271: -2.1276126973558, -79.906743559525 | W271: -2.1276127 | X271: -79.906744 | Y271: 0 | Z271: =+VLOOKUP(H271,Evalua!$G$2:$H$12,2,0) -> 1 | AA271: =+VLOOKUP(I271,Evalua!$G$2:$H$12,2,0) -> 2
A272: A0055 | B272: HIPERMARKET NORTE | C272: HIPERMARKET NORTE | D272: NO | E272: ABIERTO | F272: VENTANILLA DE EXTENSION | G272: Gerardo Pulgarín | H272: Bajo / Seguro | I272: Media (Cortes esporádicos) | J272: =+VLOOKUP(A272,[1]Buscador!$B:$E,4,0) -> Guayaquil | K272: =+VLOOKUP(A272,[1]Buscador!$B:$F,5,0) -> Guayas | L272: Generador | O272: Bajo / SeguroMedia (Cortes esporádicos) | P272: N3 Moderado | Q272: HIPERMARKET NORTE | R272: NO | S272: QUEVEDO | T272: A0055-HIPERMARKET NORTE | U272: (6-ATM - OF. QUEVEDO) + (373-ATM - OF. QUEVEDO 2) + (A0028-QUEVEDO) | V272: -2.1276126973558, -79.906743559525 | W272: -2.1276127 | X272: -79.906744 | Y272: 0 | Z272: =+VLOOKUP(H272,Evalua!$G$2:$H$12,2,0) -> 1 | AA272: =+VLOOKUP(I272,Evalua!$G$2:$H$12,2,0) -> 2
A273: 296 | B273: ATM - C.C. PASEO SHOPPING QUEVEDO | C273: QUEVEDO | D273: NO | E273: ABIERTO | F273: OFICINA | G273: Fabián Burgos | H273: Bajo / Seguro | I273: Alta (Corte inmediato) | J273: =+VLOOKUP(A273,[1]Buscador!$B:$E,4,0) -> Quevedo | K273: =+VLOOKUP(A273,[1]Buscador!$B:$F,5,0) -> Los Ríos | L273: Generador | O273: Bajo / SeguroAlta (Corte inmediato) | P273: N2 Alto | Q273: HIPERMARKET QUEVEDO | R273: NO | S273: QUICENTRO SUR SHOPPING | T273: 296-ATM - C.C. PASEO SHOPPING QUEVEDO | U273: (282-ATM - QUICENTRO SUR SHOPPING OF.) + (434-ATM - QUICENTRO SUR 2 SHOPPING) + (A0081-QUICENTRO SUR SHOPPING) | V273: -0.999635, -79.467502 | W273: -0.999635 | X273: -79.467502 | Y273: 0 | Z273: =+VLOOKUP(H273,Evalua!$G$2:$H$12,2,0) -> 1 | AA273: =+VLOOKUP(I273,Evalua!$G$2:$H$12,2,0) -> 3
A274: A0056 | B274: HIPERMARKET QUEVEDO | C274: HIPERMARKET QUEVEDO | D274: NO | E274: ABIERTO | F274: VENTANILLA DE EXTENSION | G274: Fabián Burgos | H274: Bajo / Seguro | I274: Alta (Corte inmediato) | J274: =+VLOOKUP(A274,[1]Buscador!$B:$E,4,0) -> Quevedo | K274: =+VLOOKUP(A274,[1]Buscador!$B:$F,5,0) -> Los Ríos | L274: Generador | O274: Bajo / SeguroAlta (Corte inmediato) | P274: N2 Alto | Q274: HIPERMARKET QUEVEDO | R274: NO | S274: QUITO AMAZONAS | T274: A0056-HIPERMARKET QUEVEDO | U274: (8-ATM - OF. AMAZONAS) + (A0073-QUITO AMAZONAS) | V274: -0.999635, -79.467502 | W274: -0.999635 | X274: -79.467502 | Y274: 0 | Z274: =+VLOOKUP(H274,Evalua!$G$2:$H$12,2,0) -> 1 | AA274: =+VLOOKUP(I274,Evalua!$G$2:$H$12,2,0) -> 3
A275: 322 | B275: ATM - HYPERMARKET LOS VERGELES | C275: LOS VERGELES | D275: NO | E275: ABIERTO | F275: OFICINA | G275: Gerardo Pulgarín | H275: Bajo / Seguro | I275: Media (Cortes esporádicos) | J275: =+VLOOKUP(A275,[1]Buscador!$B:$E,4,0) -> Guayaquil | K275: =+VLOOKUP(A275,[1]Buscador!$B:$F,5,0) -> Guayas | L275: Generador | O275: Bajo / SeguroMedia (Cortes esporádicos) | P275: N3 Moderado | Q275: HIPERMARKET VERGELES | R275: NO | S275: QUITO EL RECREO | T275: 322-ATM - HYPERMARKET LOS VERGELES | U275: (76-ATM - C.C. EL RECREO OF.) + (A0076-QUITO EL RECREO) | V275: -2.0928561683107, -79.911859219574 | W275: -2.0928562 | X275: -79.911859 | Y275: 0 | Z275: =+VLOOKUP(H275,Evalua!$G$2:$H$12,2,0) -> 1 | AA275: =+VLOOKUP(I275,Evalua!$G$2:$H$12,2,0) -> 2
A276: A0054 | B276: HIPERMARKET VERGELES | C276: HIPERMARKET VERGELES | D276: NO | E276: ABIERTO | F276: VENTANILLA DE EXTENSION | G276: Gerardo Pulgarín | H276: Bajo / Seguro | I276: Media (Cortes esporádicos) | J276: =+VLOOKUP(A276,[1]Buscador!$B:$E,4,0) -> Guayaquil | K276: =+VLOOKUP(A276,[1]Buscador!$B:$F,5,0) -> Guayas | L276: Generador | O276: Bajo / SeguroMedia (Cortes esporádicos) | P276: N3 Moderado | Q276: HIPERMARKET VERGELES | R276: NO | S276: QUITO NORTE | T276: A0054-HIPERMARKET VERGELES | U276: (58-ATM - OF. NORTE LA PRENSA) + (A0080-QUITO NORTE) | V276: -2.0928561683107, -79.911859219574 | W276: -2.0928562 | X276: -79.911859 | Y276: 0 | Z276: =+VLOOKUP(H276,Evalua!$G$2:$H$12,2,0) -> 1 | AA276: =+VLOOKUP(I276,Evalua!$G$2:$H$12,2,0) -> 2
A277: 413 | B277: ATM - MATERNIDAD A. PAULSON | C277: URDESA | D277: NO | E277: ABIERTO | F277: OFICINA | G277: Gerardo Pulgarín | H277: Bajo / Seguro | I277: Media (Cortes esporádicos) | J277: =+VLOOKUP(A277,[1]Buscador!$B:$E,4,0) -> Guayaquil | K277: =+VLOOKUP(A277,[1]Buscador!$B:$F,5,0) -> Guayas | L277: Generador | O277: Bajo / SeguroMedia (Cortes esporádicos) | P277: N3 Moderado | Q277: HOSPITAL ALFREDO G. PAULSON | R277: NO | S277: QUITO SAN LUIS | T277: 413-ATM - MATERNIDAD A. PAULSON | U277: (142-ATM - C.C. SAN LUIS OF.) + (A0086-QUITO SAN LUIS) | V277: -2.178273190523, -79.884292520168 | W277: -2.1782732 | X277: -79.884293 | Y277: 0 | Z277: =+VLOOKUP(H277,Evalua!$G$2:$H$12,2,0) -> 1 | AA277: =+VLOOKUP(I277,Evalua!$G$2:$H$12,2,0) -> 2
A278: A0044 | B278: HOSPITAL ALFREDO G. PAULSON | C278: HOSPITAL ALFREDO G. PAULSON | D278: NO | E278: ABIERTO | F278: VENTANILLA DE EMPRESA | G278: Gerardo Pulgarín | H278: Bajo / Seguro | I278: Media (Cortes esporádicos) | J278: =+VLOOKUP(A278,[1]Buscador!$B:$E,4,0) -> Guayaquil | K278: =+VLOOKUP(A278,[1]Buscador!$B:$F,5,0) -> Guayas | L278: Generador | O278: Bajo / SeguroMedia (Cortes esporádicos) | P278: N3 Moderado | Q278: HOSPITAL ALFREDO G. PAULSON | R278: NO | S278: QUITO SUCURSAL MAYOR | T278: A0044-HOSPITAL ALFREDO G. PAULSON | U278: (11-ATM - OF. SUC. QUITO HALL 1) + (12-ATM - OF. SUC. QUITO HALL 2) + (A0089-QUITO SUCURSAL MAYOR) | V278: -2.178273190523, -79.884292520168 | W278: -2.1782732 | X278: -79.884293 | Y278: 0 | Z278: =+VLOOKUP(H278,Evalua!$G$2:$H$12,2,0) -> 1 | AA278: =+VLOOKUP(I278,Evalua!$G$2:$H$12,2,0) -> 2
...

Sheet Evalua
A1: ID | B1: Inundación | C1: Energía | D1: Nivel
A2: Crítico (Se inunda punto de atención)Alta (Corte inmediato) | B2: Crítico (Se inunda punto de atención) | C2: Alta (Corte inmediato) | D2: N1 Crítico | G2: {=+_xlfn.UNIQUE(Hoja1!H:H)} -> NIVEL DE RIESGO INUNDACION
A3: Crítico (Se inunda punto de atención)Media (Cortes esporádicos) | B3: Crítico (Se inunda punto de atención) | C3: Media (Cortes esporádicos) | D3: N1 Crítico | G3: Bajo / Seguro | H3: 1
A4: Crítico (Se inunda punto de atención)Baja (Línea prioritaria) | B4: Crítico (Se inunda punto de atención) | C4: Baja (Línea prioritaria) | D4: N2 Alto | G4: Medio (Se inunda la calle) | H4: 3
A5: Medio (Se inunda la calle)Alta (Corte inmediato) | B5: Medio (Se inunda la calle) | C5: Alta (Corte inmediato) | D5: N1 Crítico | G5: Crítico (Se inunda punto de atención) | H5: 4
A6: Medio (Se inunda la calle)Media (Cortes esporádicos) | B6: Medio (Se inunda la calle) | C6: Media (Cortes esporádicos) | D6: N2 Alto | G6: Medio (Filtracion superficial) | H6: 2
A7: Medio (Se inunda la calle)Baja (Línea prioritaria) | B7: Medio (Se inunda la calle) | C7: Baja (Línea prioritaria) | D7: N3 Moderado | G7: 0
A8: Bajo / SeguroAlta (Corte inmediato) | B8: Bajo / Seguro | C8: Alta (Corte inmediato) | D8: N2 Alto
A9: Bajo / SeguroMedia (Cortes esporádicos) | B9: Bajo / Seguro | C9: Media (Cortes esporádicos) | D9: N3 Moderado | G9: {=+_xlfn.UNIQUE(Hoja1!I:I)} -> SENSIBILIDAD A CORTES ELECTRICOS
A10: Bajo / SeguroBaja (Línea prioritaria) | B10: Bajo / Seguro | C10: Baja (Línea prioritaria) | D10: N4 Bajo | G10: Media (Cortes esporádicos) | H10: 2
A11: Medio (Filtracion superficial)Alta (Corte inmediato) | B11: Medio (Filtracion superficial) | C11: Alta (Corte inmediato) | D11: N2 Alto | G11: Alta (Corte inmediato) | H11: 3
A12: Medio (Filtracion superficial)Media (Cortes esporádicos) | B12: Medio (Filtracion superficial) | C12: Media (Cortes esporádicos) | D12: N3 Moderado | G12: Baja (Línea prioritaria) | H12: 1
A13: Medio (Filtracion superficial)Baja (Línea prioritaria) | B13: Medio (Filtracion superficial) | C13: Baja (Línea prioritaria) | D13: N4 Bajo | G13: 0

Sheet Hoja2
A1: ¿Nivel de Riesgo Inundación? | C1: ¿Sensibilidad a Cortes Eléctricos?
A2: Crítico (Se inunda punto de atención) | B2: Requiere obras físicas / mover equipos. | C2: Alta (Corte inmediato) | D2: Alta (Corte inmediato) | E2: Alta (Corte inmediato) | F2: Se va la luz apenas llueve o parpadea la red.
A3: Medio (Se inunda la calle) | B3: Afecta acceso de clientes y técnicos. | C3: Media (Cortes esporádicos) | D3: Media (Cortes esporádicos) | E3: Media (Cortes esporádicos) | F3: La red de la zona es relativamente estable.
A4: Bajo / Seguro | B4: Zona segura contra lluvias. | C4: Baja (Línea prioritaria) | D4: Baja (Línea prioritaria) | E4: Baja (Línea prioritaria) | F4: Zona de hospitales, centros cívicos o industrias.
A5: Medio (Filtracion superficial)

Sheet Hoja3
A1: ID | B1: Nombre | C1: Punto de atencion | D1: Ciudad | E1: Inundacion | F1: Electricidad | G1: Nivel | P1: Provincia | Q1: Puntos | R1: N1 | S1: N2 | T1: N3 | U1: N4
A2: 48 | B2: AMBATO CENTRO | C2: (48-ATM - OF. AMBATO CENTRO) + (A0074-AMBATO) | D2: AMBATO | E2: Crítico (Se inunda punto de atención) | F2: Media (Cortes esporádicos) | G2: N1 Crítico | P2: Guayas | Q2: 185 | R2: 7 | S2: 13 | T2: 165 | U2: 0
A3: 63 | B3: MILAGRO | C3: (63-ATM - OF. MILAGRO) + (360-ATM - OF. MILAGRO 2) + (A0022-MILAGRO) | D3: MILAGRO | E3: Crítico (Se inunda punto de atención) | F3: Media (Cortes esporádicos) | G3: N1 Crítico | P3: Pichincha | Q3: 45 | R3: 2 | S3: 4 | T3: 39 | U3: 0
A4: 77 | B4: BABAHOYO | C4: (77-ATM - OF. BABAHOYO) + (A0004-BABAHOYO) | D4: BABAHOYO | E4: Medio (Se inunda la calle) | F4: Alta (Corte inmediato) | G4: N1 Crítico | P4: Manabí | Q4: 14 | R4: 5 | S4: 7 | T4: 1 | U4: 1
A5: 125 | B5: ATM - FARM. PHARMACYS BATAN BAJO | C5: (125-ATM - FARM. PHARMACYS BATAN BAJO) | D5: QUITO | E5: Medio (Se inunda la calle) | F5: Alta (Corte inmediato) | G5: N1 Crítico | P5: Santa Elena | Q5: 13 | R5: 0 | S5: 0 | T5: 13 | U5: 0
A6: 151 | B6: ATM - FARM. VICTORIA 29 Y ORIENTE | C6: (151-ATM - FARM. VICTORIA 29 Y ORIENTE) | D6: GUAYAQUIL | E6: Medio (Se inunda la calle) | F6: Alta (Corte inmediato) | G6: N1 Crítico | P6: Los Ríos | Q6: 8 | R6: 3 | S6: 5 | T6: 0 | U6: 0
A7: 216 | B7: ATM - MAPASINGUE OESTE | C7: (216-ATM - MAPASINGUE OESTE) | D7: GUAYAQUIL | E7: Medio (Se inunda la calle) | F7: Alta (Corte inmediato) | G7: N1 Crítico | P7: Azuay | Q7: 7 | R7: 0 | S7: 2 | T7: 5 | U7: 0
A8: 221 | B8: ATM - SAUCES VI | C8: (221-ATM - SAUCES VI) | D8: GUAYAQUIL | E8: Crítico (Se inunda punto de atención) | F8: Media (Cortes esporádicos) | G8: N1 Crítico | P8: Tungurahua | Q8: 6 | R8: 1 | S8: 2 | T8: 3 | U8: 0
A9: 301 | B9: ATM - MANTA FLAVIO REYES Y CALLE | C9: (301-ATM - MANTA FLAVIO REYES Y CALLE) | D9: MANTA | E9: Crítico (Se inunda punto de atención) | F9: Alta (Corte inmediato) | G9: N1 Crítico | P9: Sto Domingo | Q9: 5 | R9: 0 | S9: 2 | T9: 0 | U9: 3
A10: 332 | B10: ATM - TIA DURAN III | C10: (332-ATM - TIA DURAN III) | D10: DURAN | E10: Medio (Se inunda la calle) | F10: Alta (Corte inmediato) | G10: N1 Crítico | P10: El Oro | Q10: 3 | R10: 1 | S10: 0 | T10: 0 | U10: 2
A11: 336 | B11: ATM - TER. TERREST. PORTOVIEJO | C11: (336-ATM - TER. TERREST. PORTOVIEJO) | D11: PORTOVIEJO | E11: Medio (Se inunda la calle) | F11: Alta (Corte inmediato) | G11: N1 Crítico | P11: Cañar | Q11: 3 | R11: 0 | S11: 0 | T11: 3 | U11: 0
A12: 392 | B12: ATM - PASEO SHOPPING BABAHOYO | C12: (392-ATM - PASEO SHOPPING BABAHOYO) | D12: BABAHOYO | E12: Crítico (Se inunda punto de atención) | F12: Media (Cortes esporádicos) | G12: N1 Crítico | P12: Loja | Q12: 1 | R12: 0 | S12: 0 | T12: 1 | U12: 0
... A15: 435 | B15: ATM - CENTRO PORTOVIEJO | C15: (435-ATM - CENTRO PORTOVIEJO) | D15: PORTOVIEJO | E15: Crítico (Se inunda punto de atención) | F15: Alta (Corte inmediato) | G15: N1 Crítico | P15: Imbabura | Q15: 1 | R15: 0 | S15: 0 | T15: 1 | U15: 0
A16: 451 | B16: ATM - FARM. CRUZ AZUL POMASQUI | C16: (451-ATM - FARM. CRUZ AZUL POMASQUI) | D16: QUITO | E16: Medio (Se inunda la calle) | F16: Alta (Corte inmediato) | G16: N1 Crítico
A17: 496 | B17: ATM - AVÍCOLA FERNANDEZ BABAHOYO | C17: (496-ATM - AVÍCOLA FERNANDEZ BABAHOYO) | D17: BABAHOYO | E17: Medio (Se inunda la calle) | F17: Alta (Corte inmediato) | G17: N1 Crítico
A18: 543 | B18: ATM - TUTI DURANEL RECREO 1° ETAPA | C18: (543-ATM - TUTI DURANEL RECREO 1° ETAPA) | D18: DURAN | E18: Medio (Se inunda la calle) | F18: Alta (Corte inmediato) | G18: N1 Crítico
A19: 546 | B19: ATM - DURAN EL RECREO 3 ETAPA | C19: (546-ATM - DURAN EL RECREO 3 ETAPA) | D19: DURAN | E19: Medio (Se inunda la calle) | F19: Alta (Corte inmediato) | G19: N1 Crítico
A20: A0036 | B20: ARCA VIA PASAJE MACHALA | C20: (A0036-ARCA VIA PASAJE MACHALA) | D20: MACHALA | E20: Medio (Se inunda la calle) | F20: Alta (Corte inmediato) | G20: N1 Crítico
A21: 2 | B21: URDESA | C21: (2-ATM - OF. URDESA 1) + (52-ATM - OF. URDESA 2) + (A0033-URDESA) | D21: GUAYAQUIL | E21: Medio (Se inunda la calle) | F21: Media (Cortes esporádicos) | G21: N2 Alto
A22: 6 | B22: QUEVEDO | C22: (6-ATM - OF. QUEVEDO) + (373-ATM - OF. QUEVEDO 2) + (A0028-QUEVEDO) | D22: QUEVEDO | E22: Bajo / Seguro | F22: Alta (Corte inmediato) | G22: N2 Alto
A23: 21 | B23: VIA DAULE | C23: (21-ATM - GAS. MOBIL VIA DAULE OF.) + (A0069-VIA DAULE) | D23: GUAYAQUIL | E23: Medio (Se inunda la calle) | F23: Media (Cortes esporádicos) | G23: N2 Alto
A24: 28 | B24: MANTA | C24: (28-ATM - OF. MANTA) + (A0019-MANTA) | D24: MANTA | E24: Medio (Se inunda la calle) | F24: Media (Cortes esporádicos) | G24: N2 Alto
A25: 34 | B25: PORTOVIEJO | C25: (34-ATM - OF. PORTOVIEJO) + (A0027-PORTOVIEJO) | D25: PORTOVIEJO | E25: Medio (Se inunda la calle) | F25: Media (Cortes esporádicos) | G25: N2 Alto
A26: 40 | B26: EL EMPALME | C26: (40-ATM - OF. EL EMPALME) + (356-ATM - OF EL EMPALME 2) + (A0009-EL EMPALME) | D26: EL EMPALME | E26: Bajo / Seguro | F26: Alta (Corte inmediato) | G26: N2 Alto
A27: 42 | B27: BUENA FE | C27: (42-ATM - OF. BUENA FE) + (A0005-BUENA FE) | D27: BUENA FE | E27: Bajo / Seguro | F27: Alta (Corte inmediato) | G27: N2 Alto
... A295: 447 | B295: MACHALA | C295: (447-ATM - AG. MACHALA) + (A0016-MACHALA) | D295: MACHALA | E295: Bajo / Seguro | F295: Baja (Línea prioritaria) | G295: N4 Bajo
