Workbook

Sheet Hoja1
A1: COD | B1: NOMBRE | C1: Comentario | D1: Inundaciones | E1: Altitud | F1: Riesgo | G1: OFICINA | H1: Actual | I1: OBSERVACIÓN | J1: TIPO | K1: SUPERVISOR RESPONSABLE | L1: NIVEL DE RIESGO INUNDACION | M1: SENSIBILIDAD A CORTES ELECTRICOS | N1: Ciudad | O1: Provincia | P1: Alimentador | Q1: Reserva Glns | R1: Autonomia Max horas | S1: ID | T1: Nivel | U1: PUNTO DE ATENCIÓN | V1: Riesgo Oleaje | W1: UNICOS | X1: Name | Y1: Concatenado | Z1: Ubicación | AA1: Latitud | AB1: Longitud | AC1: Ponderacion Inundaciones | AD1: Inundaciones | AE1: Cortes
A2: 10 | B2: ATM - OF. CENTRO HISTORICO DE CUE | G2: CUENCA CENTRO | H2: NO | I2: ABIERTO | J2: OFICINA | K2: Miguel Rojas | L2: Bajo / Seguro | M2: Media (Cortes esporádicos) | N2: =+VLOOKUP(A2,[1]Buscador!$B:$E,4,0) -> Cuenca | O2: =+VLOOKUP(A2,[1]Buscador!$B:$F,5,0) -> Azuay | P2: Generador | S2: Bajo / SeguroMedia (Cortes esporádicos) | T2: N3 Moderado | U2: CUENCA CENTRO | V2: NO | W2: MATRIZ | X2: 10-ATM - OF. CENTRO HISTORICO DE CUE | Y2: (508-ATM - OF. MATRIZ LOBBY 2) + (519-ATM - OF. MATRIZ LOBBY RE) + (A0020-MATRIZ) | Z2: -2.8980204687422, -79.002912303961 | AA2: -2.8980205 | AB2: -79.002912 | AC2: 0 | AD2: =+VLOOKUP(L2,Evalua!$G$2:$H$12,2,0) -> 1 | AE2: =+VLOOKUP(M2,Evalua!$G$2:$H$12,2,0) -> 2
A3: 101 | B3: ATM - POSORJA FABRICA SALICA | D3: Alto-Critico | E3: 0-10m | G3: PLAYAS | H3: NO | I3: ABIERTO | J3: OFICINA | K3: Gerardo Pulgarín | L3: Bajo / Seguro | M3: Media (Cortes esporádicos) | N3: =+VLOOKUP(A3,[1]Buscador!$B:$E,4,0) -> Posorja | O3: =+VLOOKUP(A3,[1]Buscador!$B:$F,5,0) -> Guayas | P3: Generador | S3: Bajo / SeguroMedia (Cortes esporádicos) | T3: N3 Moderado | U3: SALICA | V3: NO | X3: 101-ATM - POSORJA FABRICA SALICA | Z3: -2.6981972431688, -80.248583733184 | AA3: -2.6981972 | AB3: -80.248584 | AC3: 0 | AD3: =+VLOOKUP(L3,Evalua!$G$2:$H$12,2,0) -> 1 | AE3: =+VLOOKUP(M3,Evalua!$G$2:$H$12,2,0) -> 2
A4: 102 | B4: ATM - C.C. PASEO MILAGRO PATIO DE | D4: Medio-Alto | E4: 10-15m | G4: MATRIZ-TEVCOL | H4: NO | I4: ABIERTO | J4: ISLA | K4: Gerardo Pulgarín | L4: Bajo / Seguro | M4: Media (Cortes esporádicos) | N4: =+VLOOKUP(A4,[1]Buscador!$B:$E,4,0) -> Milagro | O4: =+VLOOKUP(A4,[1]Buscador!$B:$F,5,0) -> Guayas | P4: Generador | S4: Bajo / SeguroMedia (Cortes esporádicos) | T4: N3 Moderado | U4: ATM - C.C. PASEO MILAGRO PATIO DE | V4: NO | W4: ATM - CD TUTI VIA DAULE | X4: 102-ATM - C.C. PASEO MILAGRO PATIO DE | Y4: (513-ATM - CD TUTI VIA DAULE) | Z4: -2.1364964620815, -79.594431549598 | AA4: -2.1364965 | AB4: -79.594432 | AC4: 0 | AD4: =+VLOOKUP(L4,Evalua!$G$2:$H$12,2,0) -> 1 | AE4: =+VLOOKUP(M4,Evalua!$G$2:$H$12,2,0) -> 2
A5: 104 | B5: ATM - UNIV. SAN FRANCISCO DE QUIT | G5: MATRIZ-TEVCOL | H5: NO | I5: ABIERTO | J5: ISLA | K5: Fernando Peralta | L5: Bajo / Seguro | M5: Media (Cortes esporádicos) | N5: =+VLOOKUP(A5,[1]Buscador!$B:$E,4,0) -> Cumbaya | O5: =+VLOOKUP(A5,[1]Buscador!$B:$F,5,0) -> Pichincha | P5: Generador | S5: Bajo / SeguroMedia (Cortes esporádicos) | T5: N3 Moderado | U5: ATM - UNIV. SAN FRANCISCO DE QUIT | V5: NO | W5: CENTRO EMPRESARIAL COLON | X5: 104-ATM - UNIV. SAN FRANCISCO DE QUIT | Y5: (351-ATM - CENTRO EMPRESARIAL COLON) + (A0052-CENTRO EMPRESARIAL COLON) | Z5: -0.196763, -78.435913 | AA5: -0.196763 | AB5: -78.435913 | AC5: 0 | AD5: =+VLOOKUP(L5,Evalua!$G$2:$H$12,2,0) -> 1 | AE5: =+VLOOKUP(M5,Evalua!$G$2:$H$12,2,0) -> 2
A6: 105 | B6: ATM - OF. EL CARMEN | D6: Medio | E6: +200m | G6: EL CARMEN | H6: NO | I6: ABIERTO | J6: OFICINA | K6: Carlos Morán | L6: Bajo / Seguro | M6: Baja (Línea prioritaria) | N6: =+VLOOKUP(A6,[1]Buscador!$B:$E,4,0) -> El Carmen | O6: =+VLOOKUP(A6,[1]Buscador!$B:$F,5,0) -> Manabí | P6: Generador | S6: Bajo / SeguroBaja (Línea prioritaria) | T6: N4 Bajo | U6: EL CARMEN | V6: NO | W6: PASEO SHOPPING AMBATO | X6: 105-ATM - OF. EL CARMEN | Y6: (134-ATM - PASEO SHOPPING AMBATO) + (A0099-PASEO SHOPPING AMBATO) | Z6: -0.27234110224082, -79.462855468174 | AA6: -0.2723411 | AB6: -79.462855 | AC6: 0 | AD6: =+VLOOKUP(L6,Evalua!$G$2:$H$12,2,0) -> 1 | AE6: =+VLOOKUP(M6,Evalua!$G$2:$H$12,2,0) -> 3
A7: 106 | B7: ATM - HYPERMARKET VIA DAULE | D7: Medio | E7: 5-10m | G7: MATRIZ-TEVCOL | H7: NO | I7: ABIERTO | J7: ISLA | K7: Gerardo Pulgarín | L7: Medio (Se inunda la calle) | M7: Baja (Línea prioritaria) | N7: =+VLOOKUP(A7,[1]Buscador!$B:$E,4,0) -> Guayaquil | O7: =+VLOOKUP(A7,[1]Buscador!$B:$F,5,0) -> Guayas | P7: Generador | S7: Medio (Se inunda la calle)Baja (Línea prioritaria) | T7: N3 Moderado | U7: ATM - HYPERMARKET VIA DAULE | V7: NO | W7: ATM - MERCADO ARTESANAL 2 | X7: 106-ATM - HYPERMARKET VIA DAULE | Y7: (533-ATM - MERCADO ARTESANAL 2) | Z7: -2.1593596393913, -79.92793582209 | AA7: -2.1593596 | AB7: -79.927936 | AC7: 0 | AD7: =+VLOOKUP(L7,Evalua!$G$2:$H$12,2,0) -> 3 | AE7: =+VLOOKUP(M7,Evalua!$G$2:$H$12,2,0) -> 3
A8: 107 | B8: ATM - C.C. POLICENTRO 2 OF. | D8: Medio-Alto | E8: 5-10m | G8: POLICENTRO | H8: NO | I8: ABIERTO | J8: OFICINA | K8: Gerardo Pulgarín | L8: Bajo / Seguro | M8: Media (Cortes esporádicos) | N8: =+VLOOKUP(A8,[1]Buscador!$B:$E,4,0) -> Guayaquil | O8: =+VLOOKUP(A8,[1]Buscador!$B:$F,5,0) -> Guayas | P8: Generador | S8: Bajo / SeguroMedia (Cortes esporádicos) | T8: N3 Moderado | U8: POLICENTRO | V8: NO | X8: 107-ATM - C.C. POLICENTRO 2 OF. | Z8: -2.171177, -79.900567 | AA8: -2.171177 | AB8: -79.900567 | AC8: 0 | AD8: =+VLOOKUP(L8,Evalua!$G$2:$H$12,2,0) -> 1 | AE8: =+VLOOKUP(M8,Evalua!$G$2:$H$12,2,0) -> 2
A9: 108 | B9: ATM - ATARAZANA HOSP. R. GILBERT | E9: 10-15m | G9: MATRIZ-TEVCOL | H9: NO | I9: ABIERTO | J9: ISLA | K9: Gerardo Pulgarín | L9: Bajo / Seguro | M9: Media (Cortes esporádicos) | N9: =+VLOOKUP(A9,[1]Buscador!$B:$E,4,0) -> Guayaquil | O9: =+VLOOKUP(A9,[1]Buscador!$B:$F,5,0) -> Guayas | P9: Generador | S9: Bajo / SeguroMedia (Cortes esporádicos) | T9: N3 Moderado | U9: ATM - ATARAZANA HOSP. R. GILBERT | V9: NO | W9: ATM - C.C. PLAZA NOVA KM. 2.5 VIA | X9: 108-ATM - ATARAZANA HOSP. R. GILBERT | Y9: (294-ATM - C.C. PLAZA NOVA KM. 2.5 VIA) | Z9: -2.1770491363457, -79.883544288361 | AA9: -2.1770491 | AB9: -79.883544 | AC9: 0 | AD9: =+VLOOKUP(L9,Evalua!$G$2:$H$12,2,0) -> 1 | AE9: =+VLOOKUP(M9,Evalua!$G$2:$H$12,2,0) -> 2
A10: 11 | B10: ATM - OF. SUC. QUITO HALL 1 | G10: QUITO SUCURSAL MAYOR | H10: NO | I10: ABIERTO | J10: OFICINA | K10: Fernando Peralta | L10: Bajo / Seguro | M10: Media (Cortes esporádicos) | N10: =+VLOOKUP(A10,[1]Buscador!$B:$E,4,0) -> Quito | O10: =+VLOOKUP(A10,[1]Buscador!$B:$F,5,0) -> Pichincha | P10: Generador | S10: Bajo / SeguroMedia (Cortes esporádicos) | T10: N3 Moderado | U10: QUITO SUCURSAL MAYOR | V10: NO | X10: 11-ATM - OF. SUC. QUITO HALL 1 | Z10: -0.17596927121457, -78.482782898148 | AA10: -0.17596927 | AB10: -78.482783 | AC10: 0 | AD10: =+VLOOKUP(L10,Evalua!$G$2:$H$12,2,0) -> 1 | AE10: =+VLOOKUP(M10,Evalua!$G$2:$H$12,2,0) -> 2
A11: 110 | B11: ATM - C.C. CALIFORNIA 2 OF. | D11: Alto | E11: 10-20m | G11: PARQUE INDUSTRIAL CALIFORNIA | H11: NO | I11: ABIERTO | J11: OFICINA | K11: Gerardo Pulgarín | L11: Medio (Se inunda la calle) | M11: Baja (Línea prioritaria) | N11: =+VLOOKUP(A11,[1]Buscador!$B:$E,4,0) -> Guayaquil | O11: =+VLOOKUP(A11,[1]Buscador!$B:$F,5,0) -> Guayas | P11: Generador | S11: Medio (Se inunda la calle)Baja (Línea prioritaria) | T11: N3 Moderado | U11: PARQUE INDUSTRIAL CALIFORNIA | V11: NO | X11: 110-ATM - C.C. CALIFORNIA 2 OF. | Z11: -2.098622, -79.936398 | AA11: -2.098622 | AB11: -79.936398 | AC11: 0 | AD11: =+VLOOKUP(L11,Evalua!$G$2:$H$12,2,0) -> 3 | AE11: =+VLOOKUP(M11,Evalua!$G$2:$H$12,2,0) -> 3
A12: 114 | B12: ATM - C.C. SAN MARINO 2 OF. | D12: Medio-Alto | E12: 5-10m | G12: SAN MARINO | H12: NO | I12: ABIERTO | J12: OFICINA | K12: Gerardo Pulgarín | L12: Bajo / Seguro | M12: Media (Cortes esporádicos) | N12: =+VLOOKUP(A12,[1]Buscador!$B:$E,4,0) -> Guayaquil | O12: =+VLOOKUP(A12,[1]Buscador!$B:$F,5,0) -> Guayas | P12: Generador | S12: Bajo / SeguroMedia (Cortes esporádicos) | T12: N3 Moderado | U12: SAN MARINO | V12: NO | X12: 114-ATM - C.C. SAN MARINO 2 OF. | Z12: -2.1694677273972, -79.89852522833 | AA12: -2.1694677 | AB12: -79.898525 | AC12: 0 | AD12: =+VLOOKUP(L12,Evalua!$G$2:$H$12,2,0) -> 1 | AE12: =+VLOOKUP(M12,Evalua!$G$2:$H$12,2,0) -> 2
A13: 116 | B13: ATM - TIA AV. OLMEDO | D13: Medio-Alto | E13: 0-5m | G13: MATRIZ-TEVCOL | H13: NO | I13: ABIERTO | J13: ISLA | K13: Gerardo Pulgarín | L13: Bajo / Seguro | M13: Media (Cortes esporádicos) | N13: =+VLOOKUP(A13,[1]Buscador!$B:$E,4,0) -> Guayaquil | O13: =+VLOOKUP(A13,[1]Buscador!$B:$F,5,0) -> Guayas | P13: Generador | S13: Bajo / SeguroMedia (Cortes esporádicos) | T13: N3 Moderado | U13: ATM - TIA AV. OLMEDO | V13: NO | W13: ATM - TIA LLANO GRANDE | X13: 116-ATM - TIA AV. OLMEDO | Y13: (509-ATM - TIA LLANO GRANDE) | Z13: -2.198379622975, -79.884574652712 | AA13: -2.1983796 | AB13: -79.884575 | AC13: 0 | AD13: =+VLOOKUP(L13,Evalua!$G$2:$H$12,2,0) -> 1 | AE13: =+VLOOKUP(M13,Evalua!$G$2:$H$12,2,0) -> 2
A14: 117 | B14: ATM - FARM. DROMAYOR | E14: 5-10m | G14: MATRIZ-TEVCOL | H14: NO | I14: ABIERTO | J14: ISLA | K14: Gerardo Pulgarín | L14: Bajo / Seguro | M14: Media (Cortes esporádicos) | N14: =+VLOOKUP(A14,[1]Buscador!$B:$E,4,0) -> Guayaquil | O14: =+VLOOKUP(A14,[1]Buscador!$B:$F,5,0) -> Guayas | P14: NO | S14: Bajo / SeguroMedia (Cortes esporádicos) | T14: N3 Moderado | U14: ATM - FARM. DROMAYOR | V14: NO | W14: ATM - GAS. TERPEL GUAYACANES | X14: 117-ATM - FARM. DROMAYOR | Y14: (352-ATM - GAS. TERPEL GUAYACANES) | Z14: -2.186439, -79.88382 | AA14: -2.186439 | AB14: -79.88382 | AC14: 0 | AD14: =+VLOOKUP(L14,Evalua!$G$2:$H$12,2,0) -> 1 | AE14: =+VLOOKUP(M14,Evalua!$G$2:$H$12,2,0) -> 2
A15: 118 | B15: ATM - HYPERMARKET ALBAN BORJA | E15: 10-15m | G15: MATRIZ-TEVCOL | H15: NO | I15: ABIERTO | J15: ISLA | K15: Gerardo Pulgarín | L15: Bajo / Seguro | M15: Media (Cortes esporádicos) | N15: =+VLOOKUP(A15,[1]Buscador!$B:$E,4,0) -> Guayaquil | O15: =+VLOOKUP(A15,[1]Buscador!$B:$F,5,0) -> Guayas | P15: Generador | S15: Bajo / SeguroMedia (Cortes esporádicos) | T15: N3 Moderado | U15: ATM - HYPERMARKET ALBAN BORJA | V15: NO | W15: ATM - MANTA FLAVIO REYES Y CALLE | X15: 118-ATM - HYPERMARKET ALBAN BORJA | Y15: (301-ATM - MANTA FLAVIO REYES Y CALLE) | Z15: -2.1707506252272, -79.916886046627 | AA15: -2.1707506 | AB15: -79.916886 | AC15: 0 | AD15: =+VLOOKUP(L15,Evalua!$G$2:$H$12,2,0) -> 1 | AE15: =+VLOOKUP(M15,Evalua!$G$2:$H$12,2,0) -> 2
A16: 12 | B16: ATM - OF. SUC. QUITO HALL 2 | G16: QUITO SUCURSAL MAYOR | H16: NO | I16: ABIERTO | J16: OFICINA | K16: Fernando Peralta | L16: Bajo / Seguro | M16: Media (Cortes esporádicos) | N16: =+VLOOKUP(A16,[1]Buscador!$B:$E,4,0) -> Quito | O16: =+VLOOKUP(A16,[1]Buscador!$B:$F,5,0) -> Pichincha | P16: Generador | S16: Bajo / SeguroMedia (Cortes esporádicos) | T16: N3 Moderado | U16: QUITO SUCURSAL MAYOR | V16: NO | X16: 12-ATM - OF. SUC. QUITO HALL 2 | Z16: -0.17596927121457, -78.482782898148 | AA16: -0.17596927 | AB16: -78.482783 | AC16: 0 | AD16: =+VLOOKUP(L16,Evalua!$G$2:$H$12,2,0) -> 1 | AE16: =+VLOOKUP(M16,Evalua!$G$2:$H$12,2,0) -> 2
A17: 120 | B17: ATM - PORTETE Y LA 17 | C17: Se inunda la calle del sector | D17: Alto | E17: 5-10m | G17: MATRIZ-TEVCOL | H17: NO | I17: ABIERTO | J17: ISLA | K17: Gerardo Pulgarín | L17: Bajo / Seguro | M17: Media (Cortes esporádicos) | N17: =+VLOOKUP(A17,[1]Buscador!$B:$E,4,0) -> Guayaquil | O17: =+VLOOKUP(A17,[1]Buscador!$B:$F,5,0) -> Guayas | P17: NO | S17: Bajo / SeguroMedia (Cortes esporádicos) | T17: N3 Moderado | U17: ATM - PORTETE Y LA 17 | V17: NO | W17: ATM - PRIMAX ENTRE RIOS | X17: 120-ATM - PORTETE Y LA 17 | Y17: (198-ATM - PRIMAX ENTRE RIOS) | Z17: -2.2016875712695, -79.916651315123 | AA17: -2.2016876 | AB17: -79.916651 | AC17: 0 | AD17: =+VLOOKUP(L17,Evalua!$G$2:$H$12,2,0) -> 1 | AE17: =+VLOOKUP(M17,Evalua!$G$2:$H$12,2,0) -> 2
A18: 123 | B18: ATM - TIA SANTA ELENA | E18: 40-50m | G18: MATRIZ-TEVCOL | H18: NO | I18: ABIERTO | J18: ISLA | K18: Gerardo Pulgarín | L18: Bajo / Seguro | M18: Media (Cortes esporádicos) | N18: =+VLOOKUP(A18,[1]Buscador!$B:$E,4,0) -> Santa Elena | O18: =+VLOOKUP(A18,[1]Buscador!$B:$F,5,0) -> Santa Elena | P18: NO | S18: Bajo / SeguroMedia (Cortes esporádicos) | T18: N3 Moderado | U18: ATM - TIA SANTA ELENA | V18: NO | W18: ATM - UEES | X18: 123-ATM - TIA SANTA ELENA | Y18: (445-ATM - UEES) | Z18: -2.2264001623105, -80.858451644245 | AA18: -2.2264002 | AB18: -80.858452 | AC18: 0 | AD18: =+VLOOKUP(L18,Evalua!$G$2:$H$12,2,0) -> 1 | AE18: =+VLOOKUP(M18,Evalua!$G$2:$H$12,2,0) -> 2
A19: 125 | B19: ATM - FARM. PHARMACYS BATAN BAJO | G19: MATRIZ-TEVCOL | H19: NO | I19: ABIERTO | J19: ISLA | K19: Fernando Peralta | L19: Medio (Se inunda la calle) | M19: Alta (Corte inmediato) | N19: =+VLOOKUP(A19,[1]Buscador!$B:$E,4,0) -> Quito | O19: =+VLOOKUP(A19,[1]Buscador!$B:$F,5,0) -> Pichincha | P19: NO | S19: Medio (Se inunda la calle)Alta (Corte inmediato) | T19: N1 Crítico | U19: ATM - FARM. PHARMACYS BATAN BAJO | V19: NO | W19: ATM - GAS. TERPEL VIA COSTA | X19: 125-ATM - FARM. PHARMACYS BATAN BAJO | Y19: (17-ATM - GAS. TERPEL VIA COSTA) | Z19: -0.18534561055841, -78.478990546681 | AA19: -0.18534561 | AB19: -78.478991 | AC19: 0 | AD19: =+VLOOKUP(L19,Evalua!$G$2:$H$12,2,0) -> 3 | AE19: =+VLOOKUP(M19,Evalua!$G$2:$H$12,2,0) -> 1
A20: 13 | B20: ATM - C.C.RIOCENTRO LOS CEIBOS OF | D20: Bajo | E20: 20-25m | G20: RIOCENTRO LOS CEIBOS | H20: NO | I20: ABIERTO | J20: OFICINA | K20: Gerardo Pulgarín | L20: Bajo / Seguro | M20: Media (Cortes esporádicos) | N20: =+VLOOKUP(A20,[1]Buscador!$B:$E,4,0) -> Guayaquil | O20: =+VLOOKUP(A20,[1]Buscador!$B:$F,5,0) -> Guayas | P20: Generador | S20: Bajo / SeguroMedia (Cortes esporádicos) | T20: N3 Moderado | U20: RIOCENTRO CEIBOS | V20: NO | X20: 13-ATM - C.C.RIOCENTRO LOS CEIBOS OF | Z20: -2.1775527356936, -79.942488674591 | AA20: -2.1775527 | AB20: -79.942489 | AC20: 0 | AD20: =+VLOOKUP(L20,Evalua!$G$2:$H$12,2,0) -> 1 | AE20: =+VLOOKUP(M20,Evalua!$G$2:$H$12,2,0) -> 2
A21: 131 | B21: ATM - FARM. CRUZ AZUL MARTHA DE R | E21: 20-25m | G21: MATRIZ-TEVCOL | H21: NO | I21: ABIERTO | J21: ISLA | K21: Gerardo Pulgarín | L21: Bajo / Seguro | M21: Media (Cortes esporádicos) | N21: =+VLOOKUP(A21,[1]Buscador!$B:$E,4,0) -> Guayaquil | O21: =+VLOOKUP(A21,[1]Buscador!$B:$F,5,0) -> Guayas | P21: NO | S21: Bajo / SeguroMedia (Cortes esporádicos) | T21: N3 Moderado | U21: ATM - FARM. CRUZ AZUL MARTHA DE R | V21: NO | W21: ATM - GAS. PETROLEOS Y SERVICIOS | X21: 131-ATM - FARM. CRUZ AZUL MARTHA DE R | Y21: (159-ATM - GAS. PETROLEOS Y SERVICIOS) | Z21: -2.1450553375999, -79.922635587483 | AA21: -2.1450553 | AB21: -79.922636 | AC21: 0 | AD21: =+VLOOKUP(L21,Evalua!$G$2:$H$12,2,0) -> 1 | AE21: =+VLOOKUP(M21,Evalua!$G$2:$H$12,2,0) -> 2
A22: 134 | B22: ATM - PASEO SHOPPING AMBATO | D22: Bajo | E22: 2570m | G22: PASEO SHOPPING AMBATO | H22: NO | I22: ABIERTO | J22: OFICINA | K22: Fernando Peralta | L22: Bajo / Seguro | M22: Media (Cortes esporádicos) | N22: =+VLOOKUP(A22,[1]Buscador!$B:$E,4,0) -> Ambato | O22: =+VLOOKUP(A22,[1]Buscador!$B:$F,5,0) -> Tungurahua | P22: Generador | S22: Bajo / SeguroMedia (Cortes esporádicos) | T22: N3 Moderado | U22: PASEO SHOPPING AMBATO | V22: NO | X22: 134-ATM - PASEO SHOPPING AMBATO | Z22: -1.2639733631127, -78.64012797686 | AA22: -1.2639734 | AB22: -78.640128 | AC22: 0 | AD22: =+VLOOKUP(L22,Evalua!$G$2:$H$12,2,0) -> 1 | AE22: =+VLOOKUP(M22,Evalua!$G$2:$H$12,2,0) -> 2
A23: 140 | B23: ATM - C.C. MALL DEL SUR 2 OF. | D23: Bajo-Medio | E23: 0-5m | G23: MALL DEL SUR | H23: NO | I23: ABIERTO | J23: OFICINA | K23: Gerardo Pulgarín | L23: Bajo / Seguro | M23: Media (Cortes esporádicos) | N23: =+VLOOKUP(A23,[1]Buscador!$B:$E,4,0) -> Guayaquil | O23: =+VLOOKUP(A23,[1]Buscador!$B:$F,5,0) -> Guayas | P23: Generador | S23: Bajo / SeguroMedia (Cortes esporádicos) | T23: N3 Moderado | U23: MALL DEL SUR | V23: NO | X23: 140-ATM - C.C. MALL DEL SUR 2 OF. | Z23: -2.229148, -79.898457 | AA23: -2.229148 | AB23: -79.898457 | AC23: 0 | AD23: =+VLOOKUP(L23,Evalua!$G$2:$H$12,2,0) -> 1 | AE23: =+VLOOKUP(M23,Evalua!$G$2:$H$12,2,0) -> 2
A24: 141 | B24: ATM - TIA ALBORADA | E24: 5-10m | G24: MATRIZ-TEVCOL | H24: NO | I24: ABIERTO | J24: ISLA | K24: Gerardo Pulgarín | L24: Bajo / Seguro | M24: Media (Cortes esporádicos) | N24: =+VLOOKUP(A24,[1]Buscador!$B:$E,4,0) -> Guayaquil | O24: =+VLOOKUP(A24,[1]Buscador!$B:$F,5,0) -> Guayas | P24: Generador | S24: Bajo / SeguroMedia (Cortes esporádicos) | T24: N3 Moderado | U24: ATM - TIA ALBORADA | V24: NO | W24: ATM - TIA LA MANA | X24: 141-ATM - TIA ALBORADA | Y24: (411-ATM - TIA LA MANA) | Z24: -2.13962, -79.89843 | AA24: -2.13962 | AB24: -79.89843 | AC24: 0 | AD24: =+VLOOKUP(L24,Evalua!$G$2:$H$12,2,0) -> 1 | AE24: =+VLOOKUP(M24,Evalua!$G$2:$H$12,2,0) -> 2
A25: 142 | B25: ATM - C.C. SAN LUIS OF. | G25: QUITO SAN LUIS | H25: NO | I25: ABIERTO | J25: OFICINA | K25: Fernando Peralta | L25: Bajo / Seguro | M25: Media (Cortes esporádicos) | N25: =+VLOOKUP(A25,[1]Buscador!$B:$E,4,0) -> Sangolquí | O25: =+VLOOKUP(A25,[1]Buscador!$B:$F,5,0) -> Pichincha | P25: Generador | S25: Bajo / SeguroMedia (Cortes esporádicos) | T25: N3 Moderado | U25: QUITO SAN LUIS | V25: NO | X25: 142-ATM - C.C. SAN LUIS OF. | Z25: -0.30797568986608, -78.449547381615 | AA25: -0.30797569 | AB25: -78.449547 | AC25: 0 | AD25: =+VLOOKUP(L25,Evalua!$G$2:$H$12,2,0) -> 1 | AE25: =+VLOOKUP(M25,Evalua!$G$2:$H$12,2,0) -> 2
A26: 143 | B26: ATM - TIA MAPASINGUE | E26: 5-10m | G26: MATRIZ-TEVCOL | H26: NO | I26: ABIERTO | J26: ISLA | K26: Gerardo Pulgarín | L26: Bajo / Seguro | M26: Media (Cortes esporádicos) | N26: =+VLOOKUP(A26,[1]Buscador!$B:$E,4,0) -> Guayaquil | O26: =+VLOOKUP(A26,[1]Buscador!$B:$F,5,0) -> Guayas | P26: Generador | S26: Bajo / SeguroMedia (Cortes esporádicos) | T26: N3 Moderado | U26: ATM - TIA MAPASINGUE | V26: NO | W26: ATM - TIA TOACAZO | X26: 143-ATM - TIA MAPASINGUE | Y26: (253-ATM - TIA TOACAZO) | Z26: -2.157744, -79.919684 | AA26: -2.157744 | AB26: -79.919684 | AC26: 0 | AD26: =+VLOOKUP(L26,Evalua!$G$2:$H$12,2,0) -> 1 | AE26: =+VLOOKUP(M26,Evalua!$G$2:$H$12,2,0) -> 2
A27: 145 | B27: ATM - AEROPUERTO GYE. 2 OF. | D27: Bajo | E27: 5-10m | G27: TERMINAL TERRESTRE | H27: NO | I27: ABIERTO | J27: OFICINA | K27: Gerardo Pulgarín | L27: Bajo / Seguro | M27: Media (Cortes esporádicos) | N27: =+VLOOKUP(A27,[1]Buscador!$B:$E,4,0) -> Guayaquil | O27: =+VLOOKUP(A27,[1]Buscador!$B:$F,5,0) -> Guayas | P27: Generador | S27: Bajo / SeguroMedia (Cortes esporádicos) | T27: N3 Moderado | U27: AEROPUERTO J.J. DE OLMEDO | V27: NO | W27: ALBORADA ORELLANA | X27: 145-ATM - AEROPUERTO GYE. 2 OF. | Y27: (51-ATM - OF. ALBORADA PEATONAL) + (470-ATM - OF. ALBORADA RECICLADOR) + (A0002-ALBORADA) | Z27: -2.1479507455355, -79.884499354492 | AA27: -2.1479507 | AB27: -79.884499 | AC27: 0 | AD27: =+VLOOKUP(L27,Evalua!$G$2:$H$12,2,0) -> 1 | AE27: =+VLOOKUP(M27,Evalua!$G$2:$H$12,2,0) -> 2
A28: 146 | B28: ATM - TIA LOS ESTEROS | E28: 5-10m | G28: MATRIZ-TEVCOL | H28: NO | I28: ABIERTO | J28: ISLA | K28: Gerardo Pulgarín | L28: Bajo / Seguro | M28: Media (Cortes esporádicos) | N28: =+VLOOKUP(A28,[1]Buscador!$B:$E,4,0) -> Guayaquil | O28: =+VLOOKUP(A28,[1]Buscador!$B:$F,5,0) -> Guayas | P28: NO | S28: Bajo / SeguroMedia (Cortes esporádicos) | T28: N3 Moderado | U28: ATM - TIA LOS ESTEROS | V28: NO | W28: ATM - TIA SOLANDA | X28: 146-ATM - TIA LOS ESTEROS | Y28: (92-ATM - TIA SOLANDA) | Z28: -2.2509105545268, -79.899715862022 | AA28: -2.2509106 | AB28: -79.899716 | AC28: 0 | AD28: =+VLOOKUP(L28,Evalua!$G$2:$H$12,2,0) -> 1 | AE28: =+VLOOKUP(M28,Evalua!$G$2:$H$12,2,0) -> 2
A29: 15 | B29: ATM - OF. MERCADO CENTRAL | D29: Medio-Alto | E29: 10-15m | G29: MERCADO CENTRAL | H29: NO | I29: ABIERTO | J29: OFICINA | K29: Gerardo Pulgarín | L29: Bajo / Seguro | M29: Media (Cortes esporádicos) | N29: =+VLOOKUP(A29,[1]Buscador!$B:$E,4,0) -> Guayaquil | O29: =+VLOOKUP(A29,[1]Buscador!$B:$F,5,0) -> Guayas | P29: NO | S29: Bajo / SeguroMedia (Cortes esporádicos) | T29: N3 Moderado | U29: MERCADO CENTRAL | V29: NO | X29: 15-ATM - OF. MERCADO CENTRAL | Z29: -2.1931403563253, -79.888195372799 | AA29: -2.1931404 | AB29: -79.888195 | AC29: 0 | AD29: =+VLOOKUP(L29,Evalua!$G$2:$H$12,2,0) -> 1 | AE29: =+VLOOKUP(M29,Evalua!$G$2:$H$12,2,0) -> 2
A30: 150 | B30: ATM - ACERO COMERCIAL QUITO | G30: MATRIZ-TEVCOL | H30: NO | I30: ABIERTO | J30: ISLA | K30: Fernando Peralta | L30: Medio (Se inunda la calle) | M30: Media (Cortes esporádicos) | N30: =+VLOOKUP(A30,[1]Buscador!$B:$E,4,0) -> Quito | O30: =+VLOOKUP(A30,[1]Buscador!$B:$F,5,0) -> Pichincha | P30: NO | S30: Medio (Se inunda la calle)Media (Cortes esporádicos) | T30: N2 Alto | U30: ATM - ACERO COMERCIAL QUITO | V30: NO | W30: ATM - AVÍCOLA FERNANDEZ BABAHOYO | X30: 150-ATM - ACERO COMERCIAL QUITO | Y30: (496-ATM - AVÍCOLA FERNANDEZ BABAHOYO) | Z30: -0.158622, -78.488167 | AA30: -0.158622 | AB30: -78.488167 | AC30: 0 | AD30: =+VLOOKUP(L30,Evalua!$G$2:$H$12,2,0) -> 3 | AE30: =+VLOOKUP(M30,Evalua!$G$2:$H$12,2,0) -> 2
A31: 151 | B31: ATM - FARM. VICTORIA 29 Y ORIENTE | C31: Suburbio se inunda todo | D31: Alto | E31: 5-10m | G31: MATRIZ-TEVCOL | H31: NO | I31: ABIERTO | J31: ISLA | K31: Gerardo Pulgarín | L31: Medio (Se inunda la calle) | M31: Alta (Corte inmediato) | N31: =+VLOOKUP(A31,[1]Buscador!$B:$E,4,0) -> Guayaquil | O31: =+VLOOKUP(A31,[1]Buscador!$B:$F,5,0) -> Guayas | P31: NO | S31: Medio (Se inunda la calle)Alta (Corte inmediato) | T31: N1 Crítico | U31: ATM - FARM. VICTORIA 29 Y ORIENTE | V31: NO | W31: ATM - GISIS | X31: 151-ATM - FARM. VICTORIA 29 Y ORIENTE | Y31: (464-ATM - GISIS) | Z31: -2.2111070203254, -79.930980380145 | AA31: -2.211107 | AB31: -79.93098 | AC31: 0 | AD31: =+VLOOKUP(L31,Evalua!$G$2:$H$12,2,0) -> 3 | AE31: =+VLOOKUP(M31,Evalua!$G$2:$H$12,2,0) -> 1
A32: 152 | B32: ATM - HOTEL MONTAÑITA | E32: 5-10m | G32: MATRIZ-TEVCOL | H32: SI | I32: ABIERTO | J32: ISLA | K32: Gerardo Pulgarín | L32: Bajo / Seguro | M32: Media (Cortes esporádicos) | N32: =+VLOOKUP(A32,[1]Buscador!$B:$E,4,0) -> Montañita | O32: =+VLOOKUP(A32,[1]Buscador!$B:$F,5,0) -> Santa Elena | P32: Generador | S32: Bajo / SeguroMedia (Cortes esporádicos) | T32: N3 Moderado | U32: ATM - HOTEL MONTAÑITA | V32: OLEAJE | W32: ATM - LOS CEIBOS FF AUTOCAJERO | X32: 152-ATM - HOTEL MONTAÑITA | Y32: (415-ATM - LOS CEIBOS FF AUTOCAJERO) | Z32: -1.8266960736485, -80.753190150188 | AA32: -1.8266961 | AB32: -80.75319 | AC32: 0 | AD32: =+VLOOKUP(L32,Evalua!$G$2:$H$12,2,0) -> 1 | AE32: =+VLOOKUP(M32,Evalua!$G$2:$H$12,2,0) -> 2
A33: 153 | B33: ATM - STA. CRUZ GALAPAGOS | G33: MATRIZ-TEVCOL | H33: NO | I33: ABIERTO | J33: ISLA | K33: José Chiliguana | L33: Crítico (Se inunda punto de atención) | M33: Baja (Línea prioritaria) | N33: =+VLOOKUP(A33,[1]Buscador!$B:$E,4,0) -> Puerto Ayora | O33: =+VLOOKUP(A33,[1]Buscador!$B:$F,5,0) -> Galápagos | P33: NO | S33: Crítico (Se inunda punto de atención)Baja (Línea prioritaria) | T33: N2 Alto | U33: ATM - STA. CRUZ GALAPAGOS | V33: NO | W33: ATM - TIA COTOCOLLAO | X33: 153-ATM - STA. CRUZ GALAPAGOS | Y33: (460-ATM - TIA COTOCOLLAO) | Z33: -0.74773832152368, -90.313735658583 | AA33: -0.74773832 | AB33: -90.313736 | AC33: 0 | AD33: =+VLOOKUP(L33,Evalua!$G$2:$H$12,2,0) -> 4 | AE33: =+VLOOKUP(M33,Evalua!$G$2:$H$12,2,0) -> 3
A34: 154 | B34: ATM - OF. LA CONCORDIA | G34: LA CONCORDIA | H34: NO | I34: ABIERTO | J34: OFICINA | K34: Carlos Morán | L34: Bajo / Seguro | M34: Baja (Línea prioritaria) | N34: =+VLOOKUP(A34,[1]Buscador!$B:$E,4,0) -> San Isidro | O34: =+VLOOKUP(A34,[1]Buscador!$B:$F,5,0) -> Santo Domingo de los Tsáchilas | P34: Generador | S34: Bajo / SeguroBaja (Línea prioritaria) | T34: N4 Bajo | U34: LA CONCORDIA | V34: NO | W34: RÍO PLAZA | X34: 154-ATM - OF. LA CONCORDIA | Y34: (23-ATM - C.C. RIO PLAZA OF.) + (A0102-RÍO PLAZA) | Z34: 0.0047511679635608, -79.397524259818 | AA34: 0.004751168 | AB34: -79.397524 | AC34: 0 | AD34: =+VLOOKUP(L34,Evalua!$G$2:$H$12,2,0) -> 1 | AE34: =+VLOOKUP(M34,Evalua!$G$2:$H$12,2,0) -> 3
A35: 158 | B35: ATM - TIA PASCUALES | E35: 5-10m | G35: MATRIZ-TEVCOL | H35: NO | I35: ABIERTO | J35: ISLA | K35: Gerardo Pulgarín | L35: Medio (Se inunda la calle) | M35: Media (Cortes esporádicos) | N35: =+VLOOKUP(A35,[1]Buscador!$B:$E,4,0) -> Guayaquil | O35: =+VLOOKUP(A35,[1]Buscador!$B:$F,5,0) -> Guayas | P35: Generador | S35: Medio (Se inunda la calle)Media (Cortes esporádicos) | T35: N2 Alto | U35: ATM - TIA PASCUALES | V35: NO | W35: ATM - TUTI DURANEL RECREO 1° ETAPA | X35: 158-ATM - TIA PASCUALES | Y35: (543-ATM - TUTI DURANEL RECREO 1° ETAPA) | Z35: -2.0684263198515, -79.933219747781 | AA35: -2.0684263 | AB35: -79.93322 | AC35: 0 | AD35: =+VLOOKUP(L35,Evalua!$G$2:$H$12,2,0) -> 3 | AE35: =+VLOOKUP(M35,Evalua!$G$2:$H$12,2,0) -> 2
A36: 159 | B36: ATM - GAS. PETROLEOS Y SERVICIOS | E36: 0-5m | G36: MATRIZ-TEVCOL | H36: SI | I36: ABIERTO | J36: ISLA | K36: Gerardo Pulgarín | L36: Bajo / Seguro | M36: Media (Cortes esporádicos) | N36: =+VLOOKUP(A36,[1]Buscador!$B:$E,4,0) -> San Pablo | O36: =+VLOOKUP(A36,[1]Buscador!$B:$F,5,0) -> Santa Elena | P36: NO | S36: Bajo / SeguroMedia (Cortes esporádicos) | T36: N3 Moderado | U36: ATM - GAS. PETROLEOS Y SERVICIOS | V36: OLEAJE | W36: ATM - HIPERMARKET MONTECRISTI | X36: 159-ATM - GAS. PETROLEOS Y SERVICIOS | Y36: (454-ATM - HIPERMARKET MONTECRISTI) | Z36: -2.140413, -80.777271 | AA36: -2.140413 | AB36: -80.777271 | AC36: 0 | AD36: =+VLOOKUP(L36,Evalua!$G$2:$H$12,2,0) -> 1 | AE36: =+VLOOKUP(M36,Evalua!$G$2:$H$12,2,0) -> 2
A37: 16 | B37: ATM - C.C. CALIFORNIA 1 OF. | D37: Alto | E37: 10-20m | G37: PARQUE INDUSTRIAL CALIFORNIA | H37: NO | I37: ABIERTO | J37: OFICINA | K37: Gerardo Pulgarín | L37: Medio (Se inunda la calle) | M37: Baja (Línea prioritaria) | N37: =+VLOOKUP(A37,[1]Buscador!$B:$E,4,0) -> Guayaquil | O37: =+VLOOKUP(A37,[1]Buscador!$B:$F,5,0) -> Guayas | P37: Generador | S37: Medio (Se inunda la calle)Baja (Línea prioritaria) | T37: N3 Moderado | U37: PARQUE INDUSTRIAL CALIFORNIA | V37: NO | X37: 16-ATM - C.C. CALIFORNIA 1 OF. | Z37: -2.098622, -79.936398 | AA37: -2.098622 | AB37: -79.936398 | AC37: 0 | AD37: =+VLOOKUP(L37,Evalua!$G$2:$H$12,2,0) -> 3 | AE37: =+VLOOKUP(M37,Evalua!$G$2:$H$12,2,0) -> 3
A38: 160 | B38: ATM - NATURISSIMO | D38: Bajo | E38: 10-15m | G38: MATRIZ-TEVCOL | H38: NO | I38: ABIERTO | J38: ISLA | K38: Gerardo Pulgarín | L38: Bajo / Seguro | M38: Media (Cortes esporádicos) | N38: =+VLOOKUP(A38,[1]Buscador!$B:$E,4,0) -> Salinas | O38: =+VLOOKUP(A38,[1]Buscador!$B:$F,5,0) -> Santa Elena | P38: NO | S38: Bajo / SeguroMedia (Cortes esporádicos) | T38: N3 Moderado | U38: ATM - NATURISSIMO | V38: OLEAJE | W38: ATM - PLAZA LAGOS - MULTI | X38: 160-ATM - NATURISSIMO | Y38: (278-ATM - PLAZA LAGOS - MULTI) | Z38: -2.2052601382149, -80.95853400435 | AA38: -2.2052601 | AB38: -80.958534 | AC38: 0 | AD38: =+VLOOKUP(L38,Evalua!$G$2:$H$12,2,0) -> 1 | AE38: =+VLOOKUP(M38,Evalua!$G$2:$H$12,2,0) -> 2
A39: 164 | B39: ATM - SANGOLQUI 2 | G39: MATRIZ-TEVCOL | H39: NO | I39: ABIERTO | J39: ISLA | K39: Fernando Peralta | L39: Bajo / Seguro | M39: Media (Cortes esporádicos) | N39: =+VLOOKUP(A39,[1]Buscador!$B:$E,4,0) -> Sangolquí | O39: =+VLOOKUP(A39,[1]Buscador!$B:$F,5,0) -> Pichincha | P39: NO | S39: Bajo / SeguroMedia (Cortes esporádicos) | T39: N3 Moderado | U39: ATM - SANGOLQUI 2 | V39: NO | W39: ATM - TIA ALBORADA | X39: 164-ATM - SANGOLQUI 2 | Y39: (141-ATM - TIA ALBORADA) | Z39: -0.32772240690324, -78.450253377416 | AA39: -0.32772241 | AB39: -78.450253 | AC39: 0 | AD39: =+VLOOKUP(L39,Evalua!$G$2:$H$12,2,0) -> 1 | AE39: =+VLOOKUP(M39,Evalua!$G$2:$H$12,2,0) -> 2
A40: 165 | B40: ATM - OF. ALBORADA NORTE 1 | D40: Medio-Alto | E40: 5-10m | G40: ALBORADA NORTE | H40: NO | I40: ABIERTO | J40: OFICINA | K40: Gerardo Pulgarín | L40: Medio (Se inunda la calle) | M40: Media (Cortes esporádicos) | N40: =+VLOOKUP(A40,[1]Buscador!$B:$E,4,0) -> Guayaquil | O40: =+VLOOKUP(A40,[1]Buscador!$B:$F,5,0) -> Guayas | P40: Generador | S40: Medio (Se inunda la calle)Media (Cortes esporádicos) | T40: N2 Alto | U40: ALBORADA NORTE | V40: NO | W40: ARCA CALDERON | X40: 165-ATM - OF. ALBORADA NORTE 1 | Y40: (A0092-ARCA CALDERON) | Z40: -2.1335977860225, -79.904058839287 | AA40: -2.1335978 | AB40: -79.904059 | AC40: 0 | AD40: =+VLOOKUP(L40,Evalua!$G$2:$H$12,2,0) -> 3 | AE40: =+VLOOKUP(M40,Evalua!$G$2:$H$12,2,0) -> 2
A41: 166 | B41: ATM - OF. ALBORADA NORTE 2 | D41: Medio-Alto | E41: 5-10m | G41: ALBORADA NORTE | H41: NO | I41: ABIERTO | J41: OFICINA | K41: Gerardo Pulgarín | L41: Medio (Se inunda la calle) | M41: Media (Cortes esporádicos) | N41: =+VLOOKUP(A41,[1]Buscador!$B:$E,4,0) -> Guayaquil | O41: =+VLOOKUP(A41,[1]Buscador!$B:$F,5,0) -> Guayas | P41: Generador | S41: Medio (Se inunda la calle)Media (Cortes esporádicos) | T41: N2 Alto | U41: ALBORADA NORTE | V41: NO | W41: ARCA HUAYANAY QUITO | X41: 166-ATM - OF. ALBORADA NORTE 2 | Y41: (A0091-ARCA HUAYANAY QUITO) | Z41: -2.1335977860225, -79.904058839287 | AA41: -2.1335978 | AB41: -79.904059 | AC41: 0 | AD41: =+VLOOKUP(L41,Evalua!$G$2:$H$12,2,0) -> 3 | AE41: =+VLOOKUP(M41,Evalua!$G$2:$H$12,2,0) -> 2
A42: 17 | B42: ATM - GAS. TERPEL VIA COSTA | D42: Bajo | E42: 50-60m | G42: MATRIZ-TEVCOL | H42: NO | I42: ABIERTO | J42: ISLA | K42: Gerardo Pulgarín | L42: Bajo / Seguro | M42: Media (Cortes esporádicos) | N42: =+VLOOKUP(A42,[1]Buscador!$B:$E,4,0) -> Guayaquil | O42: =+VLOOKUP(A42,[1]Buscador!$B:$F,5,0) -> Guayas | P42: Generador | S42: Bajo / SeguroMedia (Cortes esporádicos) | T42: N3 Moderado | U42: ATM - GAS. TERPEL VIA COSTA | V42: NO | W42: ATM - HOSP. NIÑO GOMEZ RENDON | X42: 17-ATM - GAS. TERPEL VIA COSTA | Y42: (372-ATM - HOSP. NIÑO GOMEZ RENDON) | Z42: -2.2147066028385, -80.079164378199 | AA42: -2.2147066 | AB42: -80.079164 | AC42: 0 | AD42: =+VLOOKUP(L42,Evalua!$G$2:$H$12,2,0) -> 1 | AE42: =+VLOOKUP(M42,Evalua!$G$2:$H$12,2,0) -> 2
A43: 172 | B43: ATM - OF. AZOGUES | G43: AZOGUES | H43: NO | I43: ABIERTO | J43: OFICINA | K43: Miguel Rojas | L43: Bajo / Seguro | M43: Media (Cortes esporádicos) | N43: =+VLOOKUP(A43,[1]Buscador!$B:$E,4,0) -> Azogues | O43: =+VLOOKUP(A43,[1]Buscador!$B:$F,5,0) -> Cañar | P43: Generador | S43: Bajo / SeguroMedia (Cortes esporádicos) | T43: N3 Moderado | U43: AZOGUES | V43: NO | W43: CUENCA CENTRO | X43: 172-ATM - OF. AZOGUES | Y43: (10-ATM - OF. CENTRO HISTORICO DE CUE) + (A0077-CUENCA CENTRO) | Z43: -2.7378502881398, -78.846438442577 | AA43: -2.7378503 | AB43: -78.846438 | AC43: 0 | AD43: =+VLOOKUP(L43,Evalua!$G$2:$H$12,2,0) -> 1 | AE43: =+VLOOKUP(M43,Evalua!$G$2:$H$12,2,0) -> 2
A44: 185 | B44: ATM - TIA LA FLORESTA | C44: Tia Elevado, cajero empotrado | D44: Medio-Alto | E44: 0-5m | G44: MATRIZ-TEVCOL | H44: NO | I44: ABIERTO | J44: ISLA | K44: Gerardo Pulgarín | L44: Bajo / Seguro | M44: Media (Cortes esporádicos) | N44: =+VLOOKUP(A44,[1]Buscador!$B:$E,4,0) -> Guayaquil | O44: =+VLOOKUP(A44,[1]Buscador!$B:$F,5,0) -> Guayas | P44: NO | S44: Bajo / SeguroMedia (Cortes esporádicos) | T44: N3 Moderado | U44: ATM - TIA LA FLORESTA | V44: NO | W44: ATM - TIA POSORJA | X44: 185-ATM - TIA LA FLORESTA | Y44: (393-ATM - TIA POSORJA) | Z44: -2.2512463482489, -79.884848395894 | AA44: -2.2512463 | AB44: -79.884848 | AC44: 0 | AD44: =+VLOOKUP(L44,Evalua!$G$2:$H$12,2,0) -> 1 | AE44: =+VLOOKUP(M44,Evalua!$G$2:$H$12,2,0) -> 2
A45: 188 | B45: ATM - TIA MERCADO CENTRAL | C45: El local esta a raz de suelo junto al atm (externo al local) | D45: Medio-Alto | E45: 10-15m | G45: MATRIZ-TEVCOL | H45: NO | I45: ABIERTO | J45: ISLA | K45: Gerardo Pulgarín | L45: Medio (Se inunda la calle) | M45: Media (Cortes esporádicos) | N45: =+VLOOKUP(A45,[1]Buscador!$B:$E,4,0) -> Guayaquil | O45: =+VLOOKUP(A45,[1]Buscador!$B:$F,5,0) -> Guayas | P45: Generador | S45: Medio (Se inunda la calle)Media (Cortes esporádicos) | T45: N2 Alto | U45: ATM - TIA MERCADO CENTRAL | V45: NO | W45: ATM - TIA VERGELES | X45: 188-ATM - TIA MERCADO CENTRAL | Y45: (218-ATM - TIA VERGELES) | Z45: -2.1950347616865, -79.887821864912 | AA45: -2.1950348 | AB45: -79.887822 | AC45: 0 | AD45: =+VLOOKUP(L45,Evalua!$G$2:$H$12,2,0) -> 3 | AE45: =+VLOOKUP(M45,Evalua!$G$2:$H$12,2,0) -> 2
A46: 189 | B46: ATM - TIA DURAN | E46: 5-10m | G46: MATRIZ-TEVCOL | H46: NO | I46: ABIERTO | J46: ISLA | K46: Gerardo Pulgarín | L46: Bajo / Seguro | M46: Media (Cortes esporádicos) | N46: =+VLOOKUP(A46,[1]Buscador!$B:$E,4,0) -> Durán | O46: =+VLOOKUP(A46,[1]Buscador!$B:$F,5,0) -> Guayas | P46: Generador | S46: Bajo / SeguroMedia (Cortes esporádicos) | T46: N3 Moderado | U46: ATM - TIA DURAN | V46: NO | W46: ATM - TIA MERCADO CENTRAL | X46: 189-ATM - TIA DURAN | Y46: (188-ATM - TIA MERCADO CENTRAL) | Z46: -2.1704007384558, -79.852365835039 | AA46: -2.1704007 | AB46: -79.852366 | AC46: 0 | AD46: =+VLOOKUP(L46,Evalua!$G$2:$H$12,2,0) -> 1 | AE46: =+VLOOKUP(M46,Evalua!$G$2:$H$12,2,0) -> 2
A47: 19 | B47: ATM - C.C. MALECON | C47: Dentro del centro comercial | D47: Bajo | E47: 5-10m | G47: MATRIZ-TEVCOL | H47: NO | I47: ABIERTO | J47: ISLA | K47: Gerardo Pulgarín | L47: Bajo / Seguro | M47: Media (Cortes esporádicos) | N47: =+VLOOKUP(A47,[1]Buscador!$B:$E,4,0) -> Guayaquil | O47: =+VLOOKUP(A47,[1]Buscador!$B:$F,5,0) -> Guayas | P47: NO | S47: Bajo / SeguroMedia (Cortes esporádicos) | T47: N3 Moderado | U47: ATM - C.C. MALECON | V47: NO | W47: ATM - CC MALL DEL SOL | X47: 19-ATM - C.C. MALECON | Y47: (321-ATM - CC MALL DEL SOL) | Z47: -2.1975819991814, -79.880894023025 | AA47: -2.197582 | AB47: -79.880894 | AC47: 0 | AD47: =+VLOOKUP(L47,Evalua!$G$2:$H$12,2,0) -> 1 | AE47: =+VLOOKUP(M47,Evalua!$G$2:$H$12,2,0) -> 2
A48: 190 | B48: ATM - HOSPITAL LUIS VERNAZA | E48: 10-15m | G48: MATRIZ-TEVCOL | H48: NO | I48: ABIERTO | J48: ISLA | K48: Gerardo Pulgarín | L48: Bajo / Seguro | M48: Media (Cortes esporádicos) | N48: =+VLOOKUP(A48,[1]Buscador!$B:$E,4,0) -> Guayaquil | O48: =+VLOOKUP(A48,[1]Buscador!$B:$F,5,0) -> Guayas | P48: Generador | S48: Bajo / SeguroMedia (Cortes esporádicos) | T48: N3 Moderado | U48: ATM - HOSPITAL LUIS VERNAZA | V48: NO | W48: ATM - LISTO 9 DE OCTUBRE | X48: 190-ATM - HOSPITAL LUIS VERNAZA | Y48: (477-ATM - LISTO 9 DE OCTUBRE) | Z48: -2.1829241009892, -79.881410434532 | AA48: -2.1829241 | AB48: -79.88141 | AC48: 0 | AD48: =+VLOOKUP(L48,Evalua!$G$2:$H$12,2,0) -> 1 | AE48: =+VLOOKUP(M48,Evalua!$G$2:$H$12,2,0) -> 2
A49: 193 | B49: ATM - TERMINAL TERRESTRE OF. 2 | D49: Medio | E49: 5-10m | G49: TERMINAL TERRESTRE | H49: NO | I49: ABIERTO | J49: OFICINA | K49: Gerardo Pulgarín | L49: Bajo / Seguro | M49: Media (Cortes esporádicos) | N49: =+VLOOKUP(A49,[1]Buscador!$B:$E,4,0) -> Guayaquil | O49: =+VLOOKUP(A49,[1]Buscador!$B:$F,5,0) -> Guayas | P49: Generador | S49: Bajo / SeguroMedia (Cortes esporádicos) | T49: N3 Moderado | U49: TERMINAL TERRESTRE | V49: NO | X49: 193-ATM - TERMINAL TERRESTRE OF. 2 | Z49: -2.1426674740639, -79.879234608459 | AA49: -2.1426675 | AB49: -79.879235 | AC49: 0 | AD49: =+VLOOKUP(L49,Evalua!$G$2:$H$12,2,0) -> 1 | AE49: =+VLOOKUP(M49,Evalua!$G$2:$H$12,2,0) -> 2
A50: 195 | B50: ATM - PUERTO MARITIMO | D50: Bajo-Medio | E50: 0-5m | G50: PUERTO MARITIMO | H50: NO | I50: ABIERTO | J50: OFICINA | K50: Gerardo Pulgarín | L50: Bajo / Seguro | M50: Media (Cortes esporádicos) | N50: =+VLOOKUP(A50,[1]Buscador!$B:$E,4,0) -> Guayaquil | O50: =+VLOOKUP(A50,[1]Buscador!$B:$F,5,0) -> Guayas | P50: Generador | S50: Bajo / SeguroMedia (Cortes esporádicos) | T50: N3 Moderado | U50: PUERTO MARITIMO | V50: NO | X50: 195-ATM - PUERTO MARITIMO | Z50: -2.2766347583468, -79.907462393849 | AA50: -2.2766348 | AB50: -79.907462 | AC50: 0 | AD50: =+VLOOKUP(L50,Evalua!$G$2:$H$12,2,0) -> 1 | AE50: =+VLOOKUP(M50,Evalua!$G$2:$H$12,2,0) -> 2
A51: 198 | B51: ATM - PRIMAX ENTRE RIOS | D51: Bajo-Medio | E51: 5-10m | G51: MATRIZ-TEVCOL | H51: NO | I51: ABIERTO | J51: ISLA | K51: Gerardo Pulgarín | L51: Bajo / Seguro | M51: Media (Cortes esporádicos) | N51: =+VLOOKUP(A51,[1]Buscador!$B:$E,4,0) -> Samborondón | O51: =+VLOOKUP(A51,[1]Buscador!$B:$F,5,0) -> Guayas | P51: Generador | S51: Bajo / SeguroMedia (Cortes esporádicos) | T51: N3 Moderado | U51: ATM - PRIMAX ENTRE RIOS | V51: NO | W51: ATM - PRIMAX RUBBEN | X51: 198-ATM - PRIMAX ENTRE RIOS | Y51: (317-ATM - PRIMAX RUBBEN) | Z51: -2.1435173279742, -79.864226203705 | AA51: -2.1435173 | AB51: -79.864226 | AC51: 0 | AD51: =+VLOOKUP(L51,Evalua!$G$2:$H$12,2,0) -> 1 | AE51: =+VLOOKUP(M51,Evalua!$G$2:$H$12,2,0) -> 2
A52: 199 | B52: ATM - LA LUZ QUITO | G52: MATRIZ-TEVCOL | H52: NO | I52: ABIERTO | J52: ISLA | K52: Fernando Peralta | L52: Bajo / Seguro | M52: Alta (Corte inmediato) | N52: =+VLOOKUP(A52,[1]Buscador!$B:$E,4,0) -> Quito | O52: =+VLOOKUP(A52,[1]Buscador!$B:$F,5,0) -> Pichincha | P52: NO | S52: Bajo / SeguroAlta (Corte inmediato) | T52: N2 Alto | U52: ATM - LA LUZ QUITO | V52: NO | W52: ATM - MINI PLUS GOMEZ RENDON | X52: 199-ATM - LA LUZ QUITO | Y52: (539-ATM - MINI PLUS GOMEZ RENDON) | Z52: -0.144391, -78.481918 | AA52: -0.144391 | AB52: -78.481918 | AC52: 0 | AD52: =+VLOOKUP(L52,Evalua!$G$2:$H$12,2,0) -> 1 | AE52: =+VLOOKUP(M52,Evalua!$G$2:$H$12,2,0) -> 1
A53: 2 | B53: ATM - OF. URDESA 1 | D53: Medio-Alto | E53: 5-10m | G53: URDESA | H53: NO | I53: ABIERTO | J53: OFICINA | K53: Gerardo Pulgarín | L53: Medio (Se inunda la calle) | M53: Media (Cortes esporádicos) | N53: =+VLOOKUP(A53,[1]Buscador!$B:$E,4,0) -> Guayaquil | O53: =+VLOOKUP(A53,[1]Buscador!$B:$F,5,0) -> Guayas | P53: Generador | S53: Medio (Se inunda la calle)Media (Cortes esporádicos) | T53: N2 Alto | U53: URDESA | V53: NO | X53: 2-ATM - OF. URDESA 1 | Z53: -2.175465, -79.904725 | AA53: -2.175465 | AB53: -79.904725 | AC53: 0 | AD53: =+VLOOKUP(L53,Evalua!$G$2:$H$12,2,0) -> 3 | AE53: =+VLOOKUP(M53,Evalua!$G$2:$H$12,2,0) -> 2
A54: 200 | B54: ATM - PRIMAX GARZOTA | E54: 5-10m | G54: MATRIZ-TEVCOL | H54: NO | I54: ABIERTO | J54: ISLA | K54: Gerardo Pulgarín | L54: Bajo / Seguro | M54: Media (Cortes esporádicos) | N54: =+VLOOKUP(A54,[1]Buscador!$B:$E,4,0) -> Guayaquil | O54: =+VLOOKUP(A54,[1]Buscador!$B:$F,5,0) -> Guayas | P54: NO | S54: Bajo / SeguroMedia (Cortes esporádicos) | T54: N3 Moderado | U54: ATM - PRIMAX GARZOTA | V54: NO | W54: ATM - PRIMAX, AV. 25 DE JULIO Y 1 | X54: 200-ATM - PRIMAX GARZOTA | Y54: (284-ATM - PRIMAX, AV. 25 DE JULIO Y 1) | Z54: -2.1456054262986, -79.894860542328 | AA54: -2.1456054 | AB54: -79.894861 | AC54: 0 | AD54: =+VLOOKUP(L54,Evalua!$G$2:$H$12,2,0) -> 1 | AE54: =+VLOOKUP(M54,Evalua!$G$2:$H$12,2,0) -> 2
A55: 202 | B55: ATM - TERMINAL TERRESTRE OF. | D55: Medio | E55: 5-10m | G55: TERMINAL TERRESTRE | H55: NO | I55: ABIERTO | J55: OFICINA | K55: Gerardo Pulgarín | L55: Bajo / Seguro | M55: Media (Cortes esporádicos) | N55: =+VLOOKUP(A55,[1]Buscador!$B:$E,4,0) -> Guayaquil | O55: =+VLOOKUP(A55,[1]Buscador!$B:$F,5,0) -> Guayas | P55: Generador | S55: Bajo / SeguroMedia (Cortes esporádicos) | T55: N3 Moderado | U55: TERMINAL TERRESTRE | V55: NO | X55: 202-ATM - TERMINAL TERRESTRE OF. | Z55: -2.1426674740639, -79.879234608459 | AA55: -2.1426675 | AB55: -79.879235 | AC55: 0 | AD55: =+VLOOKUP(L55,Evalua!$G$2:$H$12,2,0) -> 1 | AE55: =+VLOOKUP(M55,Evalua!$G$2:$H$12,2,0) -> 2
A56: 203 | B56: ATM - SHOPPING DURAN | D56: Bajo-Medio | E56: 5-10m | G56: PASEO SHOPPING DURAN | H56: NO | I56: ABIERTO | J56: OFICINA | K56: Gerardo Pulgarín | L56: Bajo / Seguro | M56: Media (Cortes esporádicos) | N56: =+VLOOKUP(A56,[1]Buscador!$B:$E,4,0) -> Durán | O56: =+VLOOKUP(A56,[1]Buscador!$B:$F,5,0) -> Guayas | P56: Generador | S56: Bajo / SeguroMedia (Cortes esporádicos) | T56: N3 Moderado | U56: PASEO SHOPPING DURAN | V56: NO | X56: 203-ATM - SHOPPING DURAN | Z56: -2.177521326534, -79.825584041664 | AA56: -2.1775213 | AB56: -79.825584 | AC56: 0 | AD56: =+VLOOKUP(L56,Evalua!$G$2:$H$12,2,0) -> 1 | AE56: =+VLOOKUP(M56,Evalua!$G$2:$H$12,2,0) -> 2
A57: 21 | B57: ATM - GAS. MOBIL VIA DAULE OF. | D57: Alto | E57: 10-20m | G57: VIA DAULE | H57: NO | I57: ABIERTO | J57: OFICINA | K57: Gerardo Pulgarín | L57: Medio (Se inunda la calle) | M57: Media (Cortes esporádicos) | N57: =+VLOOKUP(A57,[1]Buscador!$B:$E,4,0) -> Guayaquil | O57: =+VLOOKUP(A57,[1]Buscador!$B:$F,5,0) -> Guayas | P57: Generador | S57: Medio (Se inunda la calle)Media (Cortes esporádicos) | T57: N2 Alto | U57: VIA DAULE | V57: NO | X57: 21-ATM - GAS. MOBIL VIA DAULE OF. | Z57: -2.100086508467039, -79.93606156414486 | AA57: -2.1000865 | AB57: -79.936062 | AC57: 0 | AD57: =+VLOOKUP(L57,Evalua!$G$2:$H$12,2,0) -> 3 | AE57: =+VLOOKUP(M57,Evalua!$G$2:$H$12,2,0) -> 2
A58: 210 | B58: ATM - FLORIDA NORTE | E58: 15-20m | G58: MATRIZ-TEVCOL | H58: NO | I58: ABIERTO | J58: ISLA | K58: Gerardo Pulgarín | L58: Bajo / Seguro | M58: Media (Cortes esporádicos) | N58: =+VLOOKUP(A58,[1]Buscador!$B:$E,4,0) -> Guayaquil | O58: =+VLOOKUP(A58,[1]Buscador!$B:$F,5,0) -> Guayas | P58: NO | S58: Bajo / SeguroMedia (Cortes esporádicos) | T58: N3 Moderado | U58: ATM - FLORIDA NORTE | V58: NO | W58: ATM - GRUPASA | X58: 210-ATM - FLORIDA NORTE | Y58: (367-ATM - GRUPASA) | Z58: -2.128815, -79.93605 | AA58: -2.128815 | AB58: -79.93605 | AC58: 0 | AD58: =+VLOOKUP(L58,Evalua!$G$2:$H$12,2,0) -> 1 | AE58: =+VLOOKUP(M58,Evalua!$G$2:$H$12,2,0) -> 2
A59: 214 | B59: ATM - OF. MATRIZ ANEXO 3 | D59: Bajo-Medio | E59: 20-25m | G59: MATRIZ | H59: NO | I59: ABIERTO | J59: OFICINA | K59: Gerardo Pulgarín | L59: Bajo / Seguro | M59: Media (Cortes esporádicos) | N59: =+VLOOKUP(A59,[1]Buscador!$B:$E,4,0) -> Guayaquil | O59: =+VLOOKUP(A59,[1]Buscador!$B:$F,5,0) -> Guayas | P59: Generador | S59: Bajo / SeguroMedia (Cortes esporádicos) | T59: N3 Moderado | U59: CENTRO DE ATENCION | V59: NO | W59: LOTERIA MANTA | X59: 214-ATM - OF. MATRIZ ANEXO 3 | Y59: (A0042-LOTERIA MANTA) | Z59: -2.1901574203831116, -79.87989160148149 | AA59: -2.1901574 | AB59: -79.879892 | AC59: 0 | AD59: =+VLOOKUP(L59,Evalua!$G$2:$H$12,2,0) -> 1 | AE59: =+VLOOKUP(M59,Evalua!$G$2:$H$12,2,0) -> 2
A60: 215 | B60: ATM - OF. MATRIZ ANEXO 4 | D60: Bajo-Medio | E60: 20-25m | G60: MATRIZ | H60: NO | I60: ABIERTO | J60: OFICINA | K60: Gerardo Pulgarín | L60: Bajo / Seguro | M60: Media (Cortes esporádicos) | N60: =+VLOOKUP(A60,[1]Buscador!$B:$E,4,0) -> Guayaquil | O60: =+VLOOKUP(A60,[1]Buscador!$B:$F,5,0) -> Guayas | P60: Generador | S60: Bajo / SeguroMedia (Cortes esporádicos) | T60: N3 Moderado | U60: CENTRO DE ATENCION | V60: NO | W60: LOTERIA NACIONAL - 9 OCTUBRE | X60: 215-ATM - OF. MATRIZ ANEXO 4 | Y60: (A0101-LOTERIA NACIONAL - 9 OCTUBRE) | Z60: -2.1901574203831116, -79.87989160148149 | AA60: -2.1901574 | AB60: -79.879892 | AC60: 0 | AD60: =+VLOOKUP(L60,Evalua!$G$2:$H$12,2,0) -> 1 | AE60: =+VLOOKUP(M60,Evalua!$G$2:$H$12,2,0) -> 2
A61: 216 | B61: ATM - MAPASINGUE OESTE | E61: 5-10m | G61: MATRIZ-TEVCOL | H61: NO | I61: ABIERTO | J61: ISLA | K61: Gerardo Pulgarín | L61: Medio (Se inunda la calle) | M61: Alta (Corte inmediato) | N61: =+VLOOKUP(A61,[1]Buscador!$B:$E,4,0) -> Guayaquil | O61: =+VLOOKUP(A61,[1]Buscador!$B:$F,5,0) -> Guayas | P61: NO | S61: Medio (Se inunda la calle)Alta (Corte inmediato) | T61: N1 Crítico | U61: ATM - MAPASINGUE OESTE | V61: NO | W61: ATM - NATURISSIMO | X61: 216-ATM - MAPASINGUE OESTE | Y61: (160-ATM - NATURISSIMO) | Z61: -2.157309, -79.930797 | AA61: -2.157309 | AB61: -79.930797 | AC61: 0 | AD61: =+VLOOKUP(L61,Evalua!$G$2:$H$12,2,0) -> 3 | AE61: =+VLOOKUP(M61,Evalua!$G$2:$H$12,2,0) -> 1
A62: 218 | B62: ATM - TIA VERGELES | E62: 5-10m | G62: MATRIZ-TEVCOL | H62: NO | I62: ABIERTO | J62: ISLA | K62: Gerardo Pulgarín | L62: Bajo / Seguro | M62: Media (Cortes esporádicos) | N62: =+VLOOKUP(A62,[1]Buscador!$B:$E,4,0) -> Guayaquil | O62: =+VLOOKUP(A62,[1]Buscador!$B:$F,5,0) -> Guayas | P62: NO | S62: Bajo / SeguroMedia (Cortes esporádicos) | T62: N3 Moderado | U62: ATM - TIA VERGELES | V62: NO | W62: ATM - UNV. CATOLICA DE CUENCA | X62: 218-ATM - TIA VERGELES | Y62: (439-ATM - UNV. CATOLICA DE CUENCA) | Z62: -2.091918219583, -79.903310958893 | AA62: -2.0919182 | AB62: -79.903311 | AC62: 0 | AD62: =+VLOOKUP(L62,Evalua!$G$2:$H$12,2,0) -> 1 | AE62: =+VLOOKUP(M62,Evalua!$G$2:$H$12,2,0) -> 2
A63: 219 | B63: ATM - OF. CENTENARIO 2 | D63: Bajo-Medio | E63: 5-10m | G63: CENTENARIO | H63: NO | I63: ABIERTO | J63: OFICINA | K63: Gerardo Pulgarín | L63: Bajo / Seguro | M63: Media (Cortes esporádicos) | N63: =+VLOOKUP(A63,[1]Buscador!$B:$E,4,0) -> Guayaquil | O63: =+VLOOKUP(A63,[1]Buscador!$B:$F,5,0) -> Guayas | P63: NO | S63: Bajo / SeguroMedia (Cortes esporádicos) | T63: N3 Moderado | U63: CENTENARIO | V63: NO | W63: LA TRONCAL | X63: 219-ATM - OF. CENTENARIO 2 | Y63: (60-ATM - OF. LA TRONCAL) + (387-ATM - OF. LA TRONCAL 2) + (A0012-LA TRONCAL) | Z63: -2.2151156802047, -79.889049472387 | AA63: -2.2151157 | AB63: -79.889049 | AC63: 0 | AD63: =+VLOOKUP(L63,Evalua!$G$2:$H$12,2,0) -> 1 | AE63: =+VLOOKUP(M63,Evalua!$G$2:$H$12,2,0) -> 2
A64: 22 | B64: ATM - HOSP. ROBERTO GILBERT OF | D64: Bajo | E64: 0-10m | G64: URDESA | H64: NO | I64: ABIERTO | J64: OFICINA | K64: Gerardo Pulgarín | L64: Bajo / Seguro | M64: Media (Cortes esporádicos) | N64: =+VLOOKUP(A64,[1]Buscador!$B:$E,4,0) -> Guayaquil | O64: =+VLOOKUP(A64,[1]Buscador!$B:$F,5,0) -> Guayas | P64: NO | S64: Bajo / SeguroMedia (Cortes esporádicos) | T64: N3 Moderado | U64: HOSPITAL ROBERTO GILBERT | V64: NO | W64: QUITO TENIS | X64: 22-ATM - HOSP. ROBERTO GILBERT OF | Y64: (380-ATM - QUITO TENIS) + (A0084-QUITO TENIS) | Z64: -2.1759177515176, -79.884177649715 | AA64: -2.1759178 | AB64: -79.884178 | AC64: 0 | AD64: =+VLOOKUP(L64,Evalua!$G$2:$H$12,2,0) -> 1 | AE64: =+VLOOKUP(M64,Evalua!$G$2:$H$12,2,0) -> 2
A65: 221 | B65: ATM - SAUCES VI | E65: 5-10m | G65: MATRIZ-TEVCOL | H65: SI | I65: ABIERTO | J65: ISLA | K65: Gerardo Pulgarín | L65: Crítico (Se inunda punto de atención) | M65: Media (Cortes esporádicos) | N65: =+VLOOKUP(A65,[1]Buscador!$B:$E,4,0) -> Guayaquil | O65: =+VLOOKUP(A65,[1]Buscador!$B:$F,5,0) -> Guayas | P65: NO | S65: Crítico (Se inunda punto de atención)Media (Cortes esporádicos) | T65: N1 Crítico | U65: ATM - SAUCES VI | V65: NO | W65: ATM - TIA CONOCOTO | X65: 221-ATM - SAUCES VI | Y65: (238-ATM - TIA CONOCOTO) | Z65: -2.1259835368274, -79.897769377367 | AA65: -2.1259835 | AB65: -79.897769 | AC65: 0 | AD65: =+VLOOKUP(L65,Evalua!$G$2:$H$12,2,0) -> 4 | AE65: =+VLOOKUP(M65,Evalua!$G$2:$H$12,2,0) -> 2
A66: 228 | B66: ATM - AG. REMIGIO CRESPO TORAL | G66: REMIGIO CRESPO TORAL | H66: NO | I66: ABIERTO | J66: OFICINA | K66: Miguel Rojas | L66: Bajo / Seguro | M66: Media (Cortes esporádicos) | N66: =+VLOOKUP(A66,[1]Buscador!$B:$E,4,0) -> Cuenca | O66: =+VLOOKUP(A66,[1]Buscador!$B:$F,5,0) -> Azuay | P66: Generador | S66: Bajo / SeguroMedia (Cortes esporádicos) | T66: N3 Moderado | U66: REMIGIO CRESPO TORAL | V66: NO | X66: 228-ATM - AG. REMIGIO CRESPO TORAL | Z66: -2.8979883430347, -79.018494097602 | AA66: -2.8979883 | AB66: -79.018494 | AC66: 0 | AD66: =+VLOOKUP(L66,Evalua!$G$2:$H$12,2,0) -> 1 | AE66: =+VLOOKUP(M66,Evalua!$G$2:$H$12,2,0) -> 2
A67: 23 | B67: ATM - C.C. RIO PLAZA OF. | D67: Bajo-Medio | E67: 5-10m | G67: RÍO PLAZA | H67: NO | I67: ABIERTO | J67: OFICINA | K67: Gerardo Pulgarín | L67: Bajo / Seguro | M67: Media (Cortes esporádicos) | N67: =+VLOOKUP(A67,[1]Buscador!$B:$E,4,0) -> Samborondón | O67: =+VLOOKUP(A67,[1]Buscador!$B:$F,5,0) -> Guayas | P67: NO | S67: Bajo / SeguroMedia (Cortes esporádicos) | T67: N3 Moderado | U67: RÍO PLAZA | V67: NO | X67: 23-ATM - C.C. RIO PLAZA OF. | Z67: -2.145196, -79.863519 | AA67: -2.145196 | AB67: -79.863519 | AC67: 0 | AD67: =+VLOOKUP(L67,Evalua!$G$2:$H$12,2,0) -> 1 | AE67: =+VLOOKUP(M67,Evalua!$G$2:$H$12,2,0) -> 2
A68: 233 | B68: ATM - GAS PETROCOMERCIAL SUR | D68: Medio | E68: 0-5m | G68: MATRIZ-TEVCOL | H68: NO | I68: ABIERTO | J68: ISLA | K68: Gerardo Pulgarín | L68: Bajo / Seguro | M68: Media (Cortes esporádicos) | N68: =+VLOOKUP(A68,[1]Buscador!$B:$E,4,0) -> Guayaquil | O68: =+VLOOKUP(A68,[1]Buscador!$B:$F,5,0) -> Guayas | P68: Generador | S68: Bajo / SeguroMedia (Cortes esporádicos) | T68: N3 Moderado | U68: ATM - GAS PETROCOMERCIAL SUR | V68: NO | W68: ATM - HIPER VIA A LA COSTA | X68: 233-ATM - GAS PETROCOMERCIAL SUR | Y68: (355-ATM - HIPER VIA A LA COSTA) | Z68: -2.2638741159323, -79.896355449995 | AA68: -2.2638741 | AB68: -79.896355 | AC68: 0 | AD68: =+VLOOKUP(L68,Evalua!$G$2:$H$12,2,0) -> 1 | AE68: =+VLOOKUP(M68,Evalua!$G$2:$H$12,2,0) -> 2
A69: 238 | B69: ATM - TIA CONOCOTO | G69: MATRIZ-TEVCOL | H69: NO | I69: ABIERTO | J69: ISLA | K69: Fernando Peralta | L69: Bajo / Seguro | M69: Media (Cortes esporádicos) | N69: =+VLOOKUP(A69,[1]Buscador!$B:$E,4,0) -> Conocoto | O69: =+VLOOKUP(A69,[1]Buscador!$B:$F,5,0) -> Pichincha | P69: Generador | S69: Bajo / SeguroMedia (Cortes esporádicos) | T69: N3 Moderado | U69: ATM - TIA CONOCOTO | V69: NO | W69: ATM - TIA LOS ESTEROS | X69: 238-ATM - TIA CONOCOTO | Y69: (146-ATM - TIA LOS ESTEROS) | Z69: -0.29363, -78.478886 | AA69: -0.29363 | AB69: -78.478886 | AC69: 0 | AD69: =+VLOOKUP(L69,Evalua!$G$2:$H$12,2,0) -> 1 | AE69: =+VLOOKUP(M69,Evalua!$G$2:$H$12,2,0) -> 2
A70: 245 | B70: ATM - TIA FLOR DE BASTION | E70: 30-40m | G70: MATRIZ-TEVCOL | H70: NO | I70: ABIERTO | J70: ISLA | K70: Gerardo Pulgarín | L70: Bajo / Seguro | M70: Media (Cortes esporádicos) | N70: =+VLOOKUP(A70,[1]Buscador!$B:$E,4,0) -> Guayaquil | O70: =+VLOOKUP(A70,[1]Buscador!$B:$F,5,0) -> Guayas | P70: NO | S70: Bajo / SeguroMedia (Cortes esporádicos) | T70: N3 Moderado | U70: ATM - TIA FLOR DE BASTION | V70: NO | W70: ATM - TIA PASCUALES | X70: 245-ATM - TIA FLOR DE BASTION | Y70: (158-ATM - TIA PASCUALES) | Z70: -2.1046187259956, -79.954315185534 | AA70: -2.1046187 | AB70: -79.954315 | AC70: 0 | AD70: =+VLOOKUP(L70,Evalua!$G$2:$H$12,2,0) -> 1 | AE70: =+VLOOKUP(M70,Evalua!$G$2:$H$12,2,0) -> 2
A71: 247 | B71: ATM - GAS. HERMANO MIGUEL AV. 25 | D71: Medio-Alto | E71: 5-10m | G71: MATRIZ-TEVCOL | H71: NO | I71: ABIERTO | J71: ISLA | K71: Gerardo Pulgarín | L71: Bajo / Seguro | M71: Media (Cortes esporádicos) | N71: =+VLOOKUP(A71,[1]Buscador!$B:$E,4,0) -> Guayaquil | O71: =+VLOOKUP(A71,[1]Buscador!$B:$F,5,0) -> Guayas | P71: Generador | S71: Bajo / SeguroMedia (Cortes esporádicos) | T71: N3 Moderado | U71: ATM - GAS. HERMANO MIGUEL AV. 25 | V71: NO | W71: ATM - HIPERMARKET AV. LAS AMERICA | X71: 247-ATM - GAS. HERMANO MIGUEL AV. 25 | Y71: (261-ATM - HIPERMARKET AV. LAS AMERICA) | Z71: -2.2509256027895, -79.89407117791 | AA71: -2.2509256 | AB71: -79.894071 | AC71: 0 | AD71: =+VLOOKUP(L71,Evalua!$G$2:$H$12,2,0) -> 1 | AE71: =+VLOOKUP(M71,Evalua!$G$2:$H$12,2,0) -> 2
A72: 249 | B72: ATM - AVICOLA FERNANDEZ , AV. ISI | E72: 0-5m | G72: MATRIZ-TEVCOL | H72: NO | I72: ABIERTO | J72: ISLA | K72: Gerardo Pulgarín | L72: Bajo / Seguro | M72: Media (Cortes esporádicos) | N72: =+VLOOKUP(A72,[1]Buscador!$B:$E,4,0) -> Guayaquil | O72: =+VLOOKUP(A72,[1]Buscador!$B:$F,5,0) -> Guayas | P72: Generador | S72: Bajo / SeguroMedia (Cortes esporádicos) | T72: N3 Moderado | U72: ATM - AVICOLA FERNANDEZ , AV. ISI | V72: NO | W72: ATM - C.C. RIOCENTRO SUR HYPERMAR | X72: 249-ATM - AVICOLA FERNANDEZ , AV. ISI | Y72: (86-ATM - C.C. RIOCENTRO SUR HYPERMAR) | Z72: -2.1203334693724, -79.900600195107 | AA72: -2.1203335 | AB72: -79.9006 | AC72: 0 | AD72: =+VLOOKUP(L72,Evalua!$G$2:$H$12,2,0) -> 1 | AE72: =+VLOOKUP(M72,Evalua!$G$2:$H$12,2,0) -> 2
A73: 250 | B73: ATM - CENTRO PLAYAS | D73: Bajo | E73: 10-15m | G73: MATRIZ-TEVCOL | H73: SI | I73: ABIERTO | J73: ISLA | K73: Gerardo Pulgarín | L73: Bajo / Seguro | M73: Media (Cortes esporádicos) | N73: =+VLOOKUP(A73,[1]Buscador!$B:$E,4,0) -> General Villamil Playas | O73: =+VLOOKUP(A73,[1]Buscador!$B:$F,5,0) -> Guayas | P73: NO | S73: Bajo / SeguroMedia (Cortes esporádicos) | T73: N3 Moderado | U73: ATM - CENTRO PLAYAS | V73: OLEAJE | W73: ATM - ECOTEC | X73: 250-ATM - CENTRO PLAYAS | Y73: (511-ATM - ECOTEC) | Z73: -2.635617, -80.390509 | AA73: -2.635617 | AB73: -80.390509 | AC73: 0 | AD73: =+VLOOKUP(L73,Evalua!$G$2:$H$12,2,0) -> 1 | AE73: =+VLOOKUP(M73,Evalua!$G$2:$H$12,2,0) -> 2
A74: 251 | B74: ATM - SUPERMERCADO EL RANCHO | C74: El supermercado es bastante elevado | D74: Medio | E74: 5-10m | G74: MATRIZ-TEVCOL | H74: NO | I74: ABIERTO | J74: ISLA | K74: Gerardo Pulgarín | L74: Bajo / Seguro | M74: Media (Cortes esporádicos) | N74: =+VLOOKUP(A74,[1]Buscador!$B:$E,4,0) -> Guayaquil | O74: =+VLOOKUP(A74,[1]Buscador!$B:$F,5,0) -> Guayas | P74: Generador | S74: Bajo / SeguroMedia (Cortes esporádicos) | T74: N3 Moderado | U74: ATM - SUPERMERCADO EL RANCHO | V74: NO | W74: ATM - TIA ESCLUSAS | X74: 251-ATM - SUPERMERCADO EL RANCHO | Y74: (389-ATM - TIA ESCLUSAS) | Z74: -2.195628, -79.89641 | AA74: -2.195628 | AB74: -79.89641 | AC74: 0 | AD74: =+VLOOKUP(L74,Evalua!$G$2:$H$12,2,0) -> 1 | AE74: =+VLOOKUP(M74,Evalua!$G$2:$H$12,2,0) -> 2
A75: 253 | B75: ATM - TIA TOACAZO | G75: MATRIZ-TEVCOL | H75: NO | I75: ABIERTO | J75: ISLA | K75: Fernando Peralta | L75: Bajo / Seguro | M75: Media (Cortes esporádicos) | N75: =+VLOOKUP(A75,[1]Buscador!$B:$E,4,0) -> Quito | O75: =+VLOOKUP(A75,[1]Buscador!$B:$F,5,0) -> Pichincha | P75: Generador | S75: Bajo / SeguroMedia (Cortes esporádicos) | T75: N3 Moderado | U75: ATM - TIA TOACAZO | V75: NO | W75: ATM - UNIV. SAN FRANCISCO DE QUIT | X75: 253-ATM - TIA TOACAZO | Y75: (104-ATM - UNIV. SAN FRANCISCO DE QUIT) | Z75: -0.261019, -78.545967 | AA75: -0.261019 | AB75: -78.545967 | AC75: 0 | AD75: =+VLOOKUP(L75,Evalua!$G$2:$H$12,2,0) -> 1 | AE75: =+VLOOKUP(M75,Evalua!$G$2:$H$12,2,0) -> 2
A76: 261 | B76: ATM - HIPERMARKET AV. LAS AMERICA | E76: 5-10m | G76: MATRIZ-TEVCOL | H76: NO | I76: ABIERTO | J76: ISLA | K76: Gerardo Pulgarín | L76: Bajo / Seguro | M76: Media (Cortes esporádicos) | N76: =+VLOOKUP(A76,[1]Buscador!$B:$E,4,0) -> Guayaquil | O76: =+VLOOKUP(A76,[1]Buscador!$B:$F,5,0) -> Guayas | P76: Generador | S76: Bajo / SeguroMedia (Cortes esporádicos) | T76: N3 Moderado | U76: ATM - HIPERMARKET AV. LAS AMERICA | V76: NO | W76: ATM - HYPER VIA A LA COSTA 2 | X76: 261-ATM - HIPERMARKET AV. LAS AMERICA | Y76: (532-ATM - HYPER VIA A LA COSTA 2) | Z76: -2.181347, -79.891819 | AA76: -2.181347 | AB76: -79.891819 | AC76: 0 | AD76: =+VLOOKUP(L76,Evalua!$G$2:$H$12,2,0) -> 1 | AE76: =+VLOOKUP(M76,Evalua!$G$2:$H$12,2,0) -> 2
A77: 268 | B77: ATM - CARNISARIATO DELCORRAL GOME | D77: Medio | E77: 0-5m | G77: MATRIZ-TEVCOL | H77: NO | I77: ABIERTO | J77: ISLA | K77: Gerardo Pulgarín | L77: Medio (Se inunda la calle) | M77: Media (Cortes esporádicos) | N77: =+VLOOKUP(A77,[1]Buscador!$B:$E,4,0) -> Guayaquil | O77: =+VLOOKUP(A77,[1]Buscador!$B:$F,5,0) -> Guayas | P77: Generador | S77: Medio (Se inunda la calle)Media (Cortes esporádicos) | T77: N2 Alto | U77: ATM - CARNISARIATO DELCORRAL GOME | V77: NO | W77: ATM - DEL PORTAL LA JOYA | X77: 268-ATM - CARNISARIATO DELCORRAL GOME | Y77: (483-ATM - DEL PORTAL LA JOYA) | Z77: -2.19427, -79.925333 | AA77: -2.19427 | AB77: -79.925333 | AC77: 0 | AD77: =+VLOOKUP(L77,Evalua!$G$2:$H$12,2,0) -> 3 | AE77: =+VLOOKUP(M77,Evalua!$G$2:$H$12,2,0) -> 2
A78: 274 | B78: ATM - TIA PORTETE Y LA 38 | C78: Se inunda la calle del sector | D78: Alto | E78: 5-10m | G78: MATRIZ-TEVCOL | H78: NO | I78: ABIERTO | J78: ISLA | K78: Gerardo Pulgarín | L78: Bajo / Seguro | M78: Media (Cortes esporádicos) | N78: =+VLOOKUP(A78,[1]Buscador!$B:$E,4,0) -> Guayaquil | O78: =+VLOOKUP(A78,[1]Buscador!$B:$F,5,0) -> Guayas | P78: Generador | S78: Bajo / SeguroMedia (Cortes esporádicos) | T78: N3 Moderado | U78: ATM - TIA PORTETE Y LA 38 | V78: NO | W78: ATM - TUTI FICOA | X78: 274-ATM - TIA PORTETE Y LA 38 | Y78: (527-ATM - TUTI FICOA) | Z78: -2.197795, -79.933033 | AA78: -2.197795 | AB78: -79.933033 | AC78: 0 | AD78: =+VLOOKUP(L78,Evalua!$G$2:$H$12,2,0) -> 1 | AE78: =+VLOOKUP(M78,Evalua!$G$2:$H$12,2,0) -> 2
A79: 277 | B79: ATM - PRIMAX, AV. JUAN TANCA MARE | E79: 5-10m | G79: MATRIZ-TEVCOL | H79: NO | I79: ABIERTO | J79: ISLA | K79: Gerardo Pulgarín | L79: Bajo / Seguro | M79: Media (Cortes esporádicos) | N79: =+VLOOKUP(A79,[1]Buscador!$B:$E,4,0) -> Guayaquil | O79: =+VLOOKUP(A79,[1]Buscador!$B:$F,5,0) -> Guayas | P79: NO | S79: Bajo / SeguroMedia (Cortes esporádicos) | T79: N3 Moderado | U79: ATM - PRIMAX, AV. JUAN TANCA MARE | V79: NO | W79: ATM - SAUCES VI | X79: 277-ATM - PRIMAX, AV. JUAN TANCA MARE | Y79: (221-ATM - SAUCES VI) | Z79: -2.1474749261809, -79.905767072422 | AA79: -2.1474749 | AB79: -79.905767 | AC79: 0 | AD79: =+VLOOKUP(L79,Evalua!$G$2:$H$12,2,0) -> 1 | AE79: =+VLOOKUP(M79,Evalua!$G$2:$H$12,2,0) -> 2
A80: 278 | B80: ATM - PLAZA LAGOS - MULTI | E80: 10-15m | G80: SAMBORONDON | H80: NO | I80: ABIERTO | J80: ISLA | K80: Gerardo Pulgarín | L80: Bajo / Seguro | M80: Media (Cortes esporádicos) | N80: =+VLOOKUP(A80,[1]Buscador!$B:$E,4,0) -> Samborondón | O80: =+VLOOKUP(A80,[1]Buscador!$B:$F,5,0) -> Guayas | P80: Generador | S80: Bajo / SeguroMedia (Cortes esporádicos) | T80: N3 Moderado | U80: ATM - PLAZA LAGOS - MULTI | V80: NO | W80: ATM - PRIMAX AMERICANA | X80: 278-ATM - PLAZA LAGOS - MULTI | Y80: (421-ATM - PRIMAX AMERICANA) | Z80: -2.0990640514603, -79.875114552254 | AA80: -2.0990641 | AB80: -79.875115 | AC80: 0 | AD80: =+VLOOKUP(L80,Evalua!$G$2:$H$12,2,0) -> 1 | AE80: =+VLOOKUP(M80,Evalua!$G$2:$H$12,2,0) -> 2
A81: 28 | B81: ATM - OF. MANTA | D81: Bajo-Medio | E81: 10-15m | G81: MANTA | H81: NO | I81: ABIERTO | J81: OFICINA | K81: José Mendoza | L81: Medio (Se inunda la calle) | M81: Media (Cortes esporádicos) | N81: =+VLOOKUP(A81,[1]Buscador!$B:$E,4,0) -> Manta | O81: =+VLOOKUP(A81,[1]Buscador!$B:$F,5,0) -> Manabí | P81: Generador | S81: Medio (Se inunda la calle)Media (Cortes esporádicos) | T81: N2 Alto | U81: MANTA | V81: NO | X81: 28-ATM - OF. MANTA | Z81: -0.944159850919098, -80.7236031464606 | AA81: -0.94415985 | AB81: -80.723603 | AC81: 0 | AD81: =+VLOOKUP(L81,Evalua!$G$2:$H$12,2,0) -> 3 | AE81: =+VLOOKUP(M81,Evalua!$G$2:$H$12,2,0) -> 2
A82: 280 | B82: ATM - PRIMAX CUMBAYA AV. INTEROCE | G82: MATRIZ-TEVCOL | H82: NO | I82: ABIERTO | J82: ISLA | K82: Fernando Peralta | L82: Bajo / Seguro | M82: Media (Cortes esporádicos) | N82: =+VLOOKUP(A82,[1]Buscador!$B:$E,4,0) -> Cumbaya | O82: =+VLOOKUP(A82,[1]Buscador!$B:$F,5,0) -> Pichincha | P82: Generador | S82: Bajo / SeguroMedia (Cortes esporádicos) | T82: N3 Moderado | U82: ATM - PRIMAX CUMBAYA AV. INTEROCE | V82: NO | W82: ATM - PRIMAX MAGNA | X82: 280-ATM - PRIMAX CUMBAYA AV. INTEROCE | Y82: (528-ATM - PRIMAX MAGNA) | Z82: -0.198046, -78.439151 | AA82: -0.198046 | AB82: -78.439151 | AC82: 0 | AD82: =+VLOOKUP(L82,Evalua!$G$2:$H$12,2,0) -> 1 | AE82: =+VLOOKUP(M82,Evalua!$G$2:$H$12,2,0) -> 2
A83: 282 | B83: ATM - QUICENTRO SUR SHOPPING OF. | G83: QUICENTRO SUR SHOPPING | H83: NO | I83: ABIERTO | J83: OFICINA | K83: Fernando Peralta | L83: Bajo / Seguro | M83: Media (Cortes esporádicos) | N83: =+VLOOKUP(A83,[1]Buscador!$B:$E,4,0) -> Quito | O83: =+VLOOKUP(A83,[1]Buscador!$B:$F,5,0) -> Pichincha | P83: Generador | S83: Bajo / SeguroMedia (Cortes esporádicos) | T83: N3 Moderado | U83: QUICENTRO SUR SHOPPING | V83: NO | X83: 282-ATM - QUICENTRO SUR SHOPPING OF. | Z83: -0.28519660716465, -78.543643270809 | AA83: -0.28519661 | AB83: -78.543643 | AC83: 0 | AD83: =+VLOOKUP(L83,Evalua!$G$2:$H$12,2,0) -> 1 | AE83: =+VLOOKUP(M83,Evalua!$G$2:$H$12,2,0) -> 2
A84: 283 | B84: ATM - PRIMAX, PORTETE, AV. JOSE R | D84: Medio | E84: 5-10m | G84: MATRIZ-TEVCOL | H84: NO | I84: ABIERTO | J84: ISLA | K84: Gerardo Pulgarín | L84: Bajo / Seguro | M84: Media (Cortes esporádicos) | N84: =+VLOOKUP(A84,[1]Buscador!$B:$E,4,0) -> Guayaquil | O84: =+VLOOKUP(A84,[1]Buscador!$B:$F,5,0) -> Guayas | P84: Generador | S84: Bajo / SeguroMedia (Cortes esporádicos) | T84: N3 Moderado | U84: ATM - PRIMAX, PORTETE, AV. JOSE R | V84: NO | W84: ATM - STA. CRUZ GALAPAGOS | X84: 283-ATM - PRIMAX, PORTETE, AV. JOSE R | Y84: (153-ATM - STA. CRUZ GALAPAGOS) | Z84: -2.1891895705623, -79.944021906746 | AA84: -2.1891896 | AB84: -79.944022 | AC84: 0 | AD84: =+VLOOKUP(L84,Evalua!$G$2:$H$12,2,0) -> 1 | AE84: =+VLOOKUP(M84,Evalua!$G$2:$H$12,2,0) -> 2
A85: 284 | B85: ATM - PRIMAX, AV. 25 DE JULIO Y 1 | D85: Medio | E85: 0-5m | G85: MATRIZ-TEVCOL | H85: NO | I85: ABIERTO | J85: ISLA | K85: Gerardo Pulgarín | L85: Bajo / Seguro | M85: Media (Cortes esporádicos) | N85: =+VLOOKUP(A85,[1]Buscador!$B:$E,4,0) -> Guayaquil | O85: =+VLOOKUP(A85,[1]Buscador!$B:$F,5,0) -> Guayas | P85: NO | S85: Bajo / SeguroMedia (Cortes esporádicos) | T85: N3 Moderado | U85: ATM - PRIMAX, AV. 25 DE JULIO Y 1 | V85: NO | W85: ATM - SAUCES 2 | X85: 284-ATM - PRIMAX, AV. 25 DE JULIO Y 1 | Y85: (517-ATM - SAUCES 2) | Z85: -2.2604146309986, -79.896301030306 | AA85: -2.2604146 | AB85: -79.896301 | AC85: 0 | AD85: =+VLOOKUP(L85,Evalua!$G$2:$H$12,2,0) -> 1 | AE85: =+VLOOKUP(M85,Evalua!$G$2:$H$12,2,0) -> 2
A86: 291 | B86: ATM - ADUANAS - AEROPUERTO OF. | D86: Bajo | E86: 5-10m | G86: TERMINAL TERRESTRE | H86: NO | I86: ABIERTO | J86: OFICINA | K86: Gerardo Pulgarín | L86: Bajo / Seguro | M86: Media (Cortes esporádicos) | N86: =+VLOOKUP(A86,[1]Buscador!$B:$E,4,0) -> Guayaquil | O86: =+VLOOKUP(A86,[1]Buscador!$B:$F,5,0) -> Guayas | P86: Generador | S86: Bajo / SeguroMedia (Cortes esporádicos) | T86: N3 Moderado | U86: AEROPUERTO ADUANAS | V86: NO | W86: ALBORADA NORTE | X86: 291-ATM - ADUANAS - AEROPUERTO OF. | Y86: (165-ATM - OF. ALBORADA NORTE 1) + (166-ATM - OF. ALBORADA NORTE 2) + (A0003-ALBORADA NORTE) | Z86: -2.15271811535, -79.885611603149 | AA86: -2.1527181 | AB86: -79.885612 | AC86: 0 | AD86: =+VLOOKUP(L86,Evalua!$G$2:$H$12,2,0) -> 1 | AE86: =+VLOOKUP(M86,Evalua!$G$2:$H$12,2,0) -> 2
A87: 292 | B87: ATM - PRIMAX AMBATO, LOS SAUCES, | D87: Bajo | E87: 2640 | G87: MATRIZ-TEVCOL | H87: NO | I87: ABIERTO | J87: ISLA | K87: Fernando Peralta | L87: Bajo / Seguro | M87: Media (Cortes esporádicos) | N87: =+VLOOKUP(A87,[1]Buscador!$B:$E,4,0) -> Ambato | O87: =+VLOOKUP(A87,[1]Buscador!$B:$F,5,0) -> Tungurahua | P87: Generador | S87: Bajo / SeguroMedia (Cortes esporádicos) | T87: N3 Moderado | U87: ATM - PRIMAX AMBATO, LOS SAUCES, | V87: NO | W87: ATM - PRIMAX GUAJALO | X87: 292-ATM - PRIMAX AMBATO, LOS SAUCES, | Y87: (468-ATM - PRIMAX GUAJALO) | Z87: -1.2567470211308, -78.641881817843 | AA87: -1.256747 | AB87: -78.641882 | AC87: 0 | AD87: =+VLOOKUP(L87,Evalua!$G$2:$H$12,2,0) -> 1 | AE87: =+VLOOKUP(M87,Evalua!$G$2:$H$12,2,0) -> 2
A88: 293 | B88: ATM - TIA ESMERALDAS, AV. JAIME H | E88: 20-25m | G88: MATRIZ-TEVCOL | H88: NO | I88: ABIERTO | J88: ISLA | K88: Carlos Morán | L88: Bajo / Seguro | M88: Baja (Línea prioritaria) | N88: =+VLOOKUP(A88,[1]Buscador!$B:$E,4,0) -> Esmeraldas | O88: =+VLOOKUP(A88,[1]Buscador!$B:$F,5,0) -> Esmeraldas | P88: Generador | S88: Bajo / SeguroBaja (Línea prioritaria) | T88: N4 Bajo | U88: ATM - TIA ESMERALDAS, AV. JAIME H | V88: NO | W88: ATM - TIA MUCHO LOTE AV. ISIDRO A | X88: 293-ATM - TIA ESMERALDAS, AV. JAIME H | Y88: (302-ATM - TIA MUCHO LOTE AV. ISIDRO A) | Z88: 0.9325269542761, -79.672041012951 | AA88: 0.93252695 | AB88: -79.672041 | AC88: 0 | AD88: =+VLOOKUP(L88,Evalua!$G$2:$H$12,2,0) -> 1 | AE88: =+VLOOKUP(M88,Evalua!$G$2:$H$12,2,0) -> 3
A89: 294 | B89: ATM - C.C. PLAZA NOVA KM. 2.5 VIA | E89: 5-10m | G89: MATRIZ-TEVCOL | H89: NO | I89: ABIERTO | J89: ISLA | K89: Gerardo Pulgarín | L89: Bajo / Seguro | M89: Media (Cortes esporádicos) | N89: =+VLOOKUP(A89,[1]Buscador!$B:$E,4,0) -> Samborondón | O89: =+VLOOKUP(A89,[1]Buscador!$B:$F,5,0) -> Guayas | P89: Generador | S89: Bajo / SeguroMedia (Cortes esporádicos) | T89: N3 Moderado | U89: ATM - C.C. PLAZA NOVA KM. 2.5 VIA | V89: NO | W89: ATM - CENTRO PORTOVIEJO | X89: 294-ATM - C.C. PLAZA NOVA KM. 2.5 VIA | Y89: (435-ATM - CENTRO PORTOVIEJO) | Z89: -2.1297677392416, -79.864119169312 | AA89: -2.1297677 | AB89: -79.864119 | AC89: 0 | AD89: =+VLOOKUP(L89,Evalua!$G$2:$H$12,2,0) -> 1 | AE89: =+VLOOKUP(M89,Evalua!$G$2:$H$12,2,0) -> 2
A90: 295 | B90: ATM - MERCADO ARTESANAL, CALLE RE | G90: MATRIZ-TEVCOL | H90: NO | I90: ABIERTO | J90: ISLA | K90: Fernando Peralta | L90: Bajo / Seguro | M90: Media (Cortes esporádicos) | N90: =+VLOOKUP(A90,[1]Buscador!$B:$E,4,0) -> Quito | O90: =+VLOOKUP(A90,[1]Buscador!$B:$F,5,0) -> Pichincha | P90: Generador | S90: Bajo / SeguroMedia (Cortes esporádicos) | T90: N3 Moderado | U90: ATM - MERCADO ARTESANAL, CALLE RE | V90: NO | W90: ATM - PASEO SHOPPING BABAHOYO | X90: 295-ATM - MERCADO ARTESANAL, CALLE RE | Y90: (392-ATM - PASEO SHOPPING BABAHOYO) | Z90: -0.206939, -78.495166 | AA90: -0.206939 | AB90: -78.495166 | AC90: 0 | AD90: =+VLOOKUP(L90,Evalua!$G$2:$H$12,2,0) -> 1 | AE90: =+VLOOKUP(M90,Evalua!$G$2:$H$12,2,0) -> 2
A91: 296 | B91: ATM - C.C. PASEO SHOPPING QUEVEDO | D91: Bajo | E91: 80-90m | G91: QUEVEDO | H91: NO | I91: ABIERTO | J91: OFICINA | K91: Fabián Burgos | L91: Bajo / Seguro | M91: Alta (Corte inmediato) | N91: =+VLOOKUP(A91,[1]Buscador!$B:$E,4,0) -> Quevedo | O91: =+VLOOKUP(A91,[1]Buscador!$B:$F,5,0) -> Los Ríos | P91: Generador | S91: Bajo / SeguroAlta (Corte inmediato) | T91: N2 Alto | U91: HIPERMARKET QUEVEDO | V91: NO | W91: QUICENTRO SUR SHOPPING | X91: 296-ATM - C.C. PASEO SHOPPING QUEVEDO | Y91: (282-ATM - QUICENTRO SUR SHOPPING OF.) + (434-ATM - QUICENTRO SUR 2 SHOPPING) + (A0081-QUICENTRO SUR SHOPPING) | Z91: -0.999635, -79.467502 | AA91: -0.999635 | AB91: -79.467502 | AC91: 0 | AD91: =+VLOOKUP(L91,Evalua!$G$2:$H$12,2,0) -> 1 | AE91: =+VLOOKUP(M91,Evalua!$G$2:$H$12,2,0) -> 1
A92: 297 | B92: ATM - OF. SAI BABA DURAN KM 4.5 V | D92: Medio | E92: 5-10m | G92: SAI BABA DURAN | H92: NO | I92: ABIERTO | J92: OFICINA | K92: Gerardo Pulgarín | L92: Bajo / Seguro | M92: Media (Cortes esporádicos) | N92: =+VLOOKUP(A92,[1]Buscador!$B:$E,4,0) -> Durán | O92: =+VLOOKUP(A92,[1]Buscador!$B:$F,5,0) -> Guayas | P92: Generador | S92: Bajo / SeguroMedia (Cortes esporádicos) | T92: N3 Moderado | U92: SAI BABA DURAN | V92: NO | X92: 297-ATM - OF. SAI BABA DURAN KM 4.5 V | Z92: -2.1927731140308, -79.823755483467 | AA92: -2.1927731 | AB92: -79.823755 | AC92: 0 | AD92: =+VLOOKUP(L92,Evalua!$G$2:$H$12,2,0) -> 1 | AE92: =+VLOOKUP(M92,Evalua!$G$2:$H$12,2,0) -> 2
A93: 299 | B93: ATM - CONTECOM AV. DE LA MARINA, | D93: Bajo-Medio | E93: 0-5m | G93: MATRIZ-TEVCOL | H93: NO | I93: ABIERTO | J93: ISLA | K93: Gerardo Pulgarín | L93: Bajo / Seguro | M93: Media (Cortes esporádicos) | N93: =+VLOOKUP(A93,[1]Buscador!$B:$E,4,0) -> Guayaquil | O93: =+VLOOKUP(A93,[1]Buscador!$B:$F,5,0) -> Guayas | P93: Generador | S93: Bajo / SeguroMedia (Cortes esporádicos) | T93: N3 Moderado | U93: ATM - CONTECOM AV. DE LA MARINA, | V93: NO | W93: ATM - FARM. CRUZ AZUL POMASQUI | X93: 299-ATM - CONTECOM AV. DE LA MARINA, | Y93: (451-ATM - FARM. CRUZ AZUL POMASQUI) | Z93: -2.2794737942448, -79.906965462122 | AA93: -2.2794738 | AB93: -79.906965 | AC93: 0 | AD93: =+VLOOKUP(L93,Evalua!$G$2:$H$12,2,0) -> 1 | AE93: =+VLOOKUP(M93,Evalua!$G$2:$H$12,2,0) -> 2
A94: 30 | B94: ATM - C.C. RIOCENTRO ENTRE RIOS | E94: 10-15m | G94: MATRIZ-TEVCOL | H94: NO | I94: ABIERTO | J94: ISLA | K94: Gerardo Pulgarín | L94: Bajo / Seguro | M94: Media (Cortes esporádicos) | N94: =+VLOOKUP(A94,[1]Buscador!$B:$E,4,0) -> Samborondón | O94: =+VLOOKUP(A94,[1]Buscador!$B:$F,5,0) -> Guayas | P94: Generador | S94: Bajo / SeguroMedia (Cortes esporádicos) | T94: N3 Moderado | U94: ATM - C.C. RIOCENTRO ENTRE RIOS | V94: NO | W94: ATM - COMISARIATO LA FLORIDA | X94: 30-ATM - C.C. RIOCENTRO ENTRE RIOS | Y94: (448-ATM - COMISARIATO LA FLORIDA) | Z94: -2.1416837492179, -79.86476890903 | AA94: -2.1416837 | AB94: -79.864769 | AC94: 0 | AD94: =+VLOOKUP(L94,Evalua!$G$2:$H$12,2,0) -> 1 | AE94: =+VLOOKUP(M94,Evalua!$G$2:$H$12,2,0) -> 2
A95: 300 | B95: ATM - PRIMAX J.T.M AV. DEL SANTU | E95: 20-25m | G95: MATRIZ-TEVCOL | H95: NO | I95: ABIERTO | J95: ISLA | K95: Gerardo Pulgarín | L95: Bajo / Seguro | M95: Media (Cortes esporádicos) | N95: =+VLOOKUP(A95,[1]Buscador!$B:$E,4,0) -> Guayaquil | O95: =+VLOOKUP(A95,[1]Buscador!$B:$F,5,0) -> Guayas | P95: Generador | S95: Bajo / SeguroMedia (Cortes esporádicos) | T95: N3 Moderado | U95: ATM - PRIMAX J.T.M AV. DEL SANTU | V95: NO | W95: ATM - PRIMAX, PORTETE, AV. JOSE R | X95: 300-ATM - PRIMAX J.T.M AV. DEL SANTU | Y95: (283-ATM - PRIMAX, PORTETE, AV. JOSE R) | Z95: -2.140356, -79.925519 | AA95: -2.140356 | AB95: -79.925519 | AC95: 0 | AD95: =+VLOOKUP(L95,Evalua!$G$2:$H$12,2,0) -> 1 | AE95: =+VLOOKUP(M95,Evalua!$G$2:$H$12,2,0) -> 2
A96: 301 | B96: ATM - MANTA FLAVIO REYES Y CALLE | D96: Critico | E96: 30-40m | G96: MATRIZ-TEVCOL | H96: SI | I96: ABIERTO | J96: ISLA | K96: José Mendoza | L96: Crítico (Se inunda punto de atención) | M96: Alta (Corte inmediato) | N96: =+VLOOKUP(A96,[1]Buscador!$B:$E,4,0) -> Manta | O96: =+VLOOKUP(A96,[1]Buscador!$B:$F,5,0) -> Manabí | P96: NO | S96: Crítico (Se inunda punto de atención)Alta (Corte inmediato) | T96: N1 Crítico | U96: ATM - MANTA FLAVIO REYES Y CALLE | V96: NO | W96: ATM - MULTIPLAZA AIRES DEL BATAN | X96: 301-ATM - MANTA FLAVIO REYES Y CALLE | Y96: (436-ATM - MULTIPLAZA AIRES DEL BATAN) | Z96: -0.94494581786925, -80.73290525893 | AA96: -0.94494582 | AB96: -80.732905 | AC96: 0 | AD96: =+VLOOKUP(L96,Evalua!$G$2:$H$12,2,0) -> 4 | AE96: =+VLOOKUP(M96,Evalua!$G$2:$H$12,2,0) -> 1
A97: 302 | B97: ATM - TIA MUCHO LOTE AV. ISIDRO A | E97: 5-10m | G97: MATRIZ-TEVCOL | H97: NO | I97: ABIERTO | J97: ISLA | K97: Gerardo Pulgarín | L97: Bajo / Seguro | M97: Media (Cortes esporádicos) | N97: =+VLOOKUP(A97,[1]Buscador!$B:$E,4,0) -> Guayaquil | O97: =+VLOOKUP(A97,[1]Buscador!$B:$F,5,0) -> Guayas | P97: NO | S97: Bajo / SeguroMedia (Cortes esporádicos) | T97: N3 Moderado | U97: ATM - TIA MUCHO LOTE AV. ISIDRO A | V97: NO | W97: ATM - TUTI COLON Y LORENZO DE GARAICOA | X97: 302-ATM - TIA MUCHO LOTE AV. ISIDRO A | Y97: (540-ATM - TUTI COLON Y LORENZO DE GARAICOA) | Z97: -2.0847648662886, -79.920308066305 | AA97: -2.0847649 | AB97: -79.920308 | AC97: 0 | AD97: =+VLOOKUP(L97,Evalua!$G$2:$H$12,2,0) -> 1 | AE97: =+VLOOKUP(M97,Evalua!$G$2:$H$12,2,0) -> 2
A98: 312 | B98: ATM - OF. SAMBORONDON 1 | D98: Medio-Bajo | E98: 0-5m | G98: SAMBORONDON | H98: NO | I98: ABIERTO | J98: OFICINA | K98: Gerardo Pulgarín | L98: Bajo / Seguro | M98: Media (Cortes esporádicos) | N98: =+VLOOKUP(A98,[1]Buscador!$B:$E,4,0) -> Samborondón | O98: =+VLOOKUP(A98,[1]Buscador!$B:$F,5,0) -> Guayas | P98: Generador | S98: Bajo / SeguroMedia (Cortes esporádicos) | T98: N3 Moderado | U98: SAMBORONDON | V98: NO | X98: 312-ATM - OF. SAMBORONDON 1 | Z98: -2.1133265276055675, -79.87081606931311 | AA98: -2.1133265 | AB98: -79.870816 | AC98: 0 | AD98: =+VLOOKUP(L98,Evalua!$G$2:$H$12,2,0) -> 1 | AE98: =+VLOOKUP(M98,Evalua!$G$2:$H$12,2,0) -> 2
A99: 314 | B99: ATM - SAMBORONDON 2 PULL | D99: Medio-Bajo | E99: 0-5m | G99: MATRIZ-TEVCOL | H99: NO | I99: ABIERTO | J99: ISLA | K99: Gerardo Pulgarín | L99: Bajo / Seguro | M99: Media (Cortes esporádicos) | N99: =+VLOOKUP(A99,[1]Buscador!$B:$E,4,0) -> Samborondón | O99: =+VLOOKUP(A99,[1]Buscador!$B:$F,5,0) -> Guayas | P99: Generador | S99: Bajo / SeguroMedia (Cortes esporádicos) | T99: N3 Moderado | U99: ATM - SAMBORONDON 2 PULL | V99: NO | W99: ATM - TIA ALAMOS | X99: 314-ATM - SAMBORONDON 2 PULL | Y99: (346-ATM - TIA ALAMOS) | Z99: -2.1133265276055675, -79.87081606931311 | AA99: -2.1133265 | AB99: -79.870816 | AC99: 0 | AD99: =+VLOOKUP(L99,Evalua!$G$2:$H$12,2,0) -> 1 | AE99: =+VLOOKUP(M99,Evalua!$G$2:$H$12,2,0) -> 2
A100: 316 | B100: ATM - PROMARISCO | D100: Meido | E100: 5-10m | G100: MATRIZ-TEVCOL | H100: NO | I100: ABIERTO | J100: ISLA | K100: Gerardo Pulgarín | L100: Bajo / Seguro | M100: Media (Cortes esporádicos) | N100: =+VLOOKUP(A100,[1]Buscador!$B:$E,4,0) -> Durán | O100: =+VLOOKUP(A100,[1]Buscador!$B:$F,5,0) -> Guayas | P100: Generador | S100: Bajo / SeguroMedia (Cortes esporádicos) | T100: N3 Moderado | U100: ATM - PROMARISCO | V100: NO | W100: ATM - SUPERCINES FCO DE ORELLANA | X100: 316-ATM - PROMARISCO | Y100: (515-ATM - SUPERCINES FCO DE ORELLANA) | Z100: -2.2130281686453, -79.826093445214 | AA100: -2.2130282 | AB100: -79.826093 | AC100: 0 | AD100: =+VLOOKUP(L100,Evalua!$G$2:$H$12,2,0) -> 1 | AE100: =+VLOOKUP(M100,Evalua!$G$2:$H$12,2,0) -> 2
...

Sheet Evalua
A1: ID | B1: Inundación | C1: Energía | D1: Nivel
A2: Crítico (Se inunda punto de atención)Alta (Corte inmediato) | B2: Crítico (Se inunda punto de atención) | C2: Alta (Corte inmediato) | D2: N1 Crítico | G2: {=+_xlfn.UNIQUE(Hoja1!L:L)} -> NIVEL DE RIESGO INUNDACION
A3: Crítico (Se inunda punto de atención)Media (Cortes esporádicos) | B3: Crítico (Se inunda punto de atención) | C3: Media (Cortes esporádicos) | D3: N1 Crítico | G3: Bajo / Seguro | H3: 1
A4: Crítico (Se inunda punto de atención)Baja (Línea prioritaria) | B4: Crítico (Se inunda punto de atención) | C4: Baja (Línea prioritaria) | D4: N2 Alto | G4: Medio (Se inunda la calle) | H4: 3
A5: Medio (Se inunda la calle)Alta (Corte inmediato) | B5: Medio (Se inunda la calle) | C5: Alta (Corte inmediato) | D5: N1 Crítico | G5: Crítico (Se inunda punto de atención) | H5: 4
A6: Medio (Se inunda la calle)Media (Cortes esporádicos) | B6: Medio (Se inunda la calle) | C6: Media (Cortes esporádicos) | D6: N2 Alto | G6: Medio (Filtracion superficial) | H6: 2
A7: Medio (Se inunda la calle)Baja (Línea prioritaria) | B7: Medio (Se inunda la calle) | C7: Baja (Línea prioritaria) | D7: N3 Moderado | G7: 0
A8: Bajo / SeguroAlta (Corte inmediato) | B8: Bajo / Seguro | C8: Alta (Corte inmediato) | D8: N2 Alto
A9: Bajo / SeguroMedia (Cortes esporádicos) | B9: Bajo / Seguro | C9: Media (Cortes esporádicos) | D9: N3 Moderado | G9: {=+_xlfn.UNIQUE(Hoja1!M:M)} -> SENSIBILIDAD A CORTES ELECTRICOS
A10: Bajo / SeguroBaja (Línea prioritaria) | B10: Bajo / Seguro | C10: Baja (Línea prioritaria) | D10: N4 Bajo | G10: Media (Cortes esporádicos) | H10: 2
A11: Medio (Filtracion superficial)Alta (Corte inmediato) | B11: Medio (Filtracion superficial) | C11: Alta (Corte inmediato) | D11: N2 Alto | G11: Baja (Línea prioritaria) | H11: 3
A12: Medio (Filtracion superficial)Media (Cortes esporádicos) | B12: Medio (Filtracion superficial) | C12: Media (Cortes esporádicos) | D12: N3 Moderado | G12: Alta (Corte inmediato) | H12: 1
A13: Medio (Filtracion superficial)Baja (Línea prioritaria) | B13: Medio (Filtracion superficial) | C13: Baja (Línea prioritaria) | D13: N4 Bajo | G13: 0

Sheet Hoja2
A1: ¿Nivel de Riesgo Inundación? | C1: ¿Sensibilidad a Cortes Eléctricos?
A2: Crítico (Se inunda punto de atención) | B2: Requiere obras físicas / mover equipos. | C2: Alta (Corte inmediato) | D2: Alta (Corte inmediato) | E2: Alta (Corte inmediato) | F2: Se va la luz apenas llueve o parpadea la red.
A3: Medio (Se inunda la calle) | B3: Afecta acceso de clientes y técnicos. | C3: Media (Cortes esporádicos) | D3: Media (Cortes esporádicos) | E3: Media (Cortes esporádicos) | F3: La red de la zona es relativamente estable.
A4: Bajo / Seguro | B4: Zona segura contra lluvias. | C4: Baja (Línea prioritaria) | D4: Baja (Línea prioritaria) | E4: Baja (Línea prioritaria) | F4: Zona de hospitales, centros cívicos o industrias.
A5: Medio (Filtracion superficial)

Sheet Hoja3
A1: ID | B1: Nombre | C1: Punto de atencion | D1: Ciudad | E1: Inundacion | F1: Electricidad | G1: Nivel | P1: Provincia | Q1: Puntos | R1: N1 | S1: N2 | T1: N3 | U1: N4
A2: 48 | B2: AMBATO CENTRO | C2: (48-ATM - OF. AMBATO CENTRO) + (A0074-AMBATO) | D2: AMBATO | E2: Crítico (Se inunda punto de atención) | F2: Media (Cortes esporádicos) | G2: N1 Crítico | P2: Guayas | Q2: 185 | R2: 7 | S2: 13 | T2: 165 | U2: 0
A3: 63 | B3: MILAGRO | C3: (63-ATM - OF. MILAGRO) + (360-ATM - OF. MILAGRO 2) + (A0022-MILAGRO) | D3: MILAGRO | E3: Crítico (Se inunda punto de atención) | F3: Media (Cortes esporádicos) | G3: N1 Crítico | P3: Pichincha | Q3: 45 | R3: 2 | S3: 4 | T3: 39 | U3: 0
A4: 77 | B4: BABAHOYO | C4: (77-ATM - OF. BABAHOYO) + (A0004-BABAHOYO) | D4: BABAHOYO | E4: Medio (Se inunda la calle) | F4: Alta (Corte inmediato) | G4: N1 Crítico | P4: Manabí | Q4: 14 | R4: 5 | S4: 7 | T4: 1 | U4: 1
A5: 125 | B5: ATM - FARM. PHARMACYS BATAN BAJO | C5: (125-ATM - FARM. PHARMACYS BATAN BAJO) | D5: QUITO | E5: Medio (Se inunda la calle) | F5: Alta (Corte inmediato) | G5: N1 Crítico | P5: Santa Elena | Q5: 13 | R5: 0 | S5: 0 | T5: 13 | U5: 0
A6: 151 | B6: ATM - FARM. VICTORIA 29 Y ORIENTE | C6: (151-ATM - FARM. VICTORIA 29 Y ORIENTE) | D6: GUAYAQUIL | E6: Medio (Se inunda la calle) | F6: Alta (Corte inmediato) | G6: N1 Crítico | P6: Los Ríos | Q6: 8 | R6: 3 | S6: 5 | T6: 0 | U6: 0
A7: 216 | B7: ATM - MAPASINGUE OESTE | C7: (216-ATM - MAPASINGUE OESTE) | D7: GUAYAQUIL | E7: Medio (Se inunda la calle) | F7: Alta (Corte inmediato) | G7: N1 Crítico | P7: Azuay | Q7: 7 | R7: 0 | S7: 2 | T7: 5 | U7: 0
A8: 221 | B8: ATM - SAUCES VI | C8: (221-ATM - SAUCES VI) | D8: GUAYAQUIL | E8: Crítico (Se inunda punto de atención) | F8: Media (Cortes esporádicos) | G8: N1 Crítico | P8: Tungurahua | Q8: 6 | R8: 1 | S8: 2 | T8: 3 | U8: 0
A9: 301 | B9: ATM - MANTA FLAVIO REYES Y CALLE | C9: (301-ATM - MANTA FLAVIO REYES Y CALLE) | D9: MANTA | E9: Crítico (Se inunda punto de atención) | F9: Alta (Corte inmediato) | G9: N1 Crítico | P9: Sto Domingo | Q9: 5 | R9: 0 | S9: 2 | T9: 0 | U9: 3
A10: 332 | B10: ATM - TIA DURAN III | C10: (332-ATM - TIA DURAN III) | D10: DURAN | E10: Medio (Se inunda la calle) | F10: Alta (Corte inmediato) | G10: N1 Crítico | P10: El Oro | Q10: 3 | R10: 1 | S10: 0 | T10: 0 | U10: 2
A11: 336 | B11: ATM - TER. TERREST. PORTOVIEJO | C11: (336-ATM - TER. TERREST. PORTOVIEJO) | D11: PORTOVIEJO | E11: Medio (Se inunda la calle) | F11: Alta (Corte inmediato) | G11: N1 Crítico | P11: Cañar | Q11: 3 | R11: 0 | S11: 0 | T11: 3 | U11: 0
A12: 392 | B12: ATM - PASEO SHOPPING BABAHOYO | C12: (392-ATM - PASEO SHOPPING BABAHOYO) | D12: BABAHOYO | E12: Crítico (Se inunda punto de atención) | F12: Media (Cortes esporádicos) | G12: N1 Crítico | P12: Loja | Q12: 1 | R12: 0 | S12: 0 | T12: 1 | U12: 0
... A15: 435 | B15: ATM - CENTRO PORTOVIEJO | C15: (435-ATM - CENTRO PORTOVIEJO) | D15: PORTOVIEJO | E15: Crítico (Se inunda punto de atención) | F15: Alta (Corte inmediato) | G15: N1 Crítico | P15: Imbabura | Q15: 1 | R15: 0 | S15: 0 | T15: 1 | U15: 0
A16: 451 | B16: ATM - FARM. CRUZ AZUL POMASQUI | C16: (451-ATM - FARM. CRUZ AZUL POMASQUI) | D16: QUITO | E16: Medio (Se inunda la calle) | F16: Alta (Corte inmediato) | G16: N1 Crítico
A17: 496 | B17: ATM - AVÍCOLA FERNANDEZ BABAHOYO | C17: (496-ATM - AVÍCOLA FERNANDEZ BABAHOYO) | D17: BABAHOYO | E17: Medio (Se inunda la calle) | F17: Alta (Corte inmediato) | G17: N1 Crítico
A18: 543 | B18: ATM - TUTI DURANEL RECREO 1° ETAPA | C18: (543-ATM - TUTI DURANEL RECREO 1° ETAPA) | D18: DURAN | E18: Medio (Se inunda la calle) | F18: Alta (Corte inmediato) | G18: N1 Crítico
A19: 546 | B19: ATM - DURAN EL RECREO 3 ETAPA | C19: (546-ATM - DURAN EL RECREO 3 ETAPA) | D19: DURAN | E19: Medio (Se inunda la calle) | F19: Alta (Corte inmediato) | G19: N1 Crítico
A20: A0036 | B20: ARCA VIA PASAJE MACHALA | C20: (A0036-ARCA VIA PASAJE MACHALA) | D20: MACHALA | E20: Medio (Se inunda la calle) | F20: Alta (Corte inmediato) | G20: N1 Crítico
A21: 2 | B21: URDESA | C21: (2-ATM - OF. URDESA 1) + (52-ATM - OF. URDESA 2) + (A0033-URDESA) | D21: GUAYAQUIL | E21: Medio (Se inunda la calle) | F21: Media (Cortes esporádicos) | G21: N2 Alto
A22: 6 | B22: QUEVEDO | C22: (6-ATM - OF. QUEVEDO) + (373-ATM - OF. QUEVEDO 2) + (A0028-QUEVEDO) | D22: QUEVEDO | E22: Bajo / Seguro | F22: Alta (Corte inmediato) | G22: N2 Alto
A23: 21 | B23: VIA DAULE | C23: (21-ATM - GAS. MOBIL VIA DAULE OF.) + (A0069-VIA DAULE) | D23: GUAYAQUIL | E23: Medio (Se inunda la calle) | F23: Media (Cortes esporádicos) | G23: N2 Alto
A24: 28 | B24: MANTA | C24: (28-ATM - OF. MANTA) + (A0019-MANTA) | D24: MANTA | E24: Medio (Se inunda la calle) | F24: Media (Cortes esporádicos) | G24: N2 Alto
A25: 34 | B25: PORTOVIEJO | C25: (34-ATM - OF. PORTOVIEJO) + (A0027-PORTOVIEJO) | D25: PORTOVIEJO | E25: Medio (Se inunda la calle) | F25: Media (Cortes esporádicos) | G25: N2 Alto
A26: 40 | B26: EL EMPALME | C26: (40-ATM - OF. EL EMPALME) + (356-ATM - OF EL EMPALME 2) + (A0009-EL EMPALME) | D26: EL EMPALME | E26: Bajo / Seguro | F26: Alta (Corte inmediato) | G26: N2 Alto
A27: 42 | B27: BUENA FE | C27: (42-ATM - OF. BUENA FE) + (A0005-BUENA FE) | D27: BUENA FE | E27: Bajo / Seguro | F27: Alta (Corte inmediato) | G27: N2 Alto
... A295: 447 | B295: MACHALA | C295: (447-ATM - AG. MACHALA) + (A0016-MACHALA) | D295: MACHALA | E295: Bajo / Seguro | F295: Baja (Línea prioritaria) | G295: N4 Bajo
